Searched,Title,Authors,Published,Type,Include?,Exclusion code,Database,Source
12/02/2018,"Annual Reports of Education, Health and Sport 9781329876002","Radzimińska, Agnieszka et al.",2013-01-31,book,,,Zenodo,https://zenodo.org/record/45472
12/02/2018,Female premature orgasm: Does this exist?,Serafim Armindo Dias de Carvalho,Oct 2011,Article,,,ResearchGate,https://www.researchgate.net/publication/241111486_Female_premature_orgasm_Does_this_exist?_iepl%5BgeneralViewId%5D=YQZWEQPe4YAuAN1ntHw4KLcXcJGRwZ1Eztzq&_iepl%5Bcontexts%5D%5B0%5D=searchReact&_iepl%5BviewId%5D=IDlNl4Vyl3nQ7giYvShhPkj1dMkru0GibMJ3&_iepl%5BsearchType%5D=publication&_iepl%5Bdata%5D%5BcountMoreThan20%5D=1&_iepl%5Bdata%5D%5BinteractedWithPosition20plus%5D=1&_iepl%5Bdata%5D%5BwithoutEnrichment%5D=1&_iepl%5Bposition%5D=40&_iepl%5BrgKey%5D=PB%3A241111486&_iepl%5BtargetEntityId%5D=PB%3A241111486&_iepl%5BinteractionType%5D=publicationCTA
12/02/2018,"Gamma-ray polarization of synchrotron-self-Compton process from a highly
  relativistic jet",Zhe Chang,2014-07-07T10:11:20Z,-,,,arXiv,http://arxiv.org/abs/1407.1651v2
12/02/2018,Gyrosonics a Novel Stimulant for Autonomic Nervous System,S. K. Ghatak,2009-06-29T07:13:10Z,-,,,arXiv,http://arxiv.org/abs/0906.5208v1
12/02/2018,Psychophysiological Correlations with Gameplay Experience Dimensions,Anders Drachen,2010-04-01T21:52:36Z,-,,,arXiv,http://arxiv.org/abs/1004.0243v1
12/02/2018,"Stationarity breaking in coupled physical systems revealed by recurrence
  analysis",Thiago de Lima Prado,2016-02-12T17:45:41Z,-,,,arXiv,http://arxiv.org/abs/1602.05506v2
12/02/2018,"Do feelings matter? On the correlation of affects and the self-assessed
  productivity in software engineering",Daniel Graziotin,2014-08-06T14:31:15Z,-,,,arXiv,http://arxiv.org/abs/1408.1293v2
12/02/2018,Saliency Integration: An Arbitrator Model,Yingyue Xu,2016-08-04T13:54:16Z,-,,,arXiv,http://arxiv.org/abs/1608.01536v1
12/02/2018,Music Emotion Maps in the Arousal-Valence Space,Jacek Grekow,Jan 2018,Chapter,,,ResearchGate,https://www.researchgate.net/publication/320864327_Music_Emotion_Maps_in_the_Arousal-Valence_Space?_iepl%5BgeneralViewId%5D=YQZWEQPe4YAuAN1ntHw4KLcXcJGRwZ1Eztzq&_iepl%5Bcontexts%5D%5B0%5D=searchReact&_iepl%5BviewId%5D=IDlNl4Vyl3nQ7giYvShhPkj1dMkru0GibMJ3&_iepl%5BsearchType%5D=publication&_iepl%5Bdata%5D%5BcountMoreThan20%5D=1&_iepl%5Bdata%5D%5BinteractedWithPosition2%5D=1&_iepl%5Bdata%5D%5BwithoutEnrichment%5D=1&_iepl%5Bposition%5D=2&_iepl%5BrgKey%5D=PB%3A320864327&_iepl%5BtargetEntityId%5D=PB%3A320864327&_iepl%5BinteractionType%5D=publicationCTA
12/02/2018,Decoupling Light Reflex from Pupillary Dilation to Measure Emotional Arousal in Videos,Pallavi Raiturkar,Jul 2016,Poster,,,ResearchGate,https://www.researchgate.net/publication/304039018_Decoupling_Light_Reflex_from_Pupillary_Dilation_to_Measure_Emotional_Arousal_in_Videos?_iepl%5BgeneralViewId%5D=YQZWEQPe4YAuAN1ntHw4KLcXcJGRwZ1Eztzq&_iepl%5Bcontexts%5D%5B0%5D=searchReact&_iepl%5BviewId%5D=IDlNl4Vyl3nQ7giYvShhPkj1dMkru0GibMJ3&_iepl%5BsearchType%5D=publication&_iepl%5Bdata%5D%5BcountMoreThan20%5D=1&_iepl%5Bdata%5D%5BinteractedWithPosition1%5D=1&_iepl%5Bdata%5D%5BwithEnrichment%5D=1&_iepl%5Bposition%5D=1&_iepl%5BrgKey%5D=PB%3A304039018&_iepl%5BtargetEntityId%5D=PB%3A304039018&_iepl%5BinteractionType%5D=publicationCTA
12/02/2018,Figure 7. Neural Network model-Classification of Human Emotion from Deap EEG Signal Using Hybrid Improved Neural Networks with Cuckoo Search,M. Sreeshakthy,2015-12-01,figure,,,Zenodo,https://zenodo.org/record/1163839
12/02/2018,Value-Driven Oculomotor Capture,Brian A Anderson,Aug 2012,Article,,,ResearchGate,https://www.researchgate.net/publication/270630983_Value-Driven_Oculomotor_Capture?_iepl%5BgeneralViewId%5D=YQZWEQPe4YAuAN1ntHw4KLcXcJGRwZ1Eztzq&_iepl%5Bcontexts%5D%5B0%5D=searchReact&_iepl%5BviewId%5D=IDlNl4Vyl3nQ7giYvShhPkj1dMkru0GibMJ3&_iepl%5BsearchType%5D=publication&_iepl%5Bdata%5D%5BcountMoreThan20%5D=1&_iepl%5Bdata%5D%5BinteractedWithPosition18%5D=1&_iepl%5Bdata%5D%5BwithoutEnrichment%5D=1&_iepl%5Bposition%5D=18&_iepl%5BrgKey%5D=PB%3A270630983&_iepl%5BtargetEntityId%5D=PB%3A270630983&_iepl%5BinteractionType%5D=publicationCTA
12/02/2018,Dynamics of bloggers’ communities: Bipartite networks from empirical data and agent-based modeling,Marija Mitrovic Dankulov,Nov 2012,Article,,,ResearchGate,https://www.researchgate.net/publication/257218485_Dynamics_of_bloggers%27_communities_Bipartite_networks_from_empirical_data_and_agent-based_modeling?_iepl%5BgeneralViewId%5D=YQZWEQPe4YAuAN1ntHw4KLcXcJGRwZ1Eztzq&_iepl%5Bcontexts%5D%5B0%5D=searchReact&_iepl%5BviewId%5D=IDlNl4Vyl3nQ7giYvShhPkj1dMkru0GibMJ3&_iepl%5BsearchType%5D=publication&_iepl%5Bdata%5D%5BcountMoreThan20%5D=1&_iepl%5Bdata%5D%5BinteractedWithPosition20plus%5D=1&_iepl%5Bdata%5D%5BwithoutEnrichment%5D=1&_iepl%5Bposition%5D=30&_iepl%5BrgKey%5D=PB%3A257218485&_iepl%5BtargetEntityId%5D=PB%3A257218485&_iepl%5BinteractionType%5D=publicationCTA
12/02/2018,"Convolutional Neural Networks over Tree Structures for Programming
  Language Processing",Lili Mou,2014-09-18T06:50:52Z,-,,,arXiv,http://arxiv.org/abs/1409.5718v2
12/02/2018,CP violation in D decays,Vincenzo Vagnoni,2012-09-14T10:59:49Z,-,,,arXiv,http://arxiv.org/abs/1209.3152v1
12/02/2018,"The Subjective Effects of Alcohol Scale�Revisiting Differences in Subjective Response by Gender, Family History, Smoking, and Drinking Status",Meghan E Morean,Jun 2013,Conference Paper,,,ResearchGate,https://www.researchgate.net/publication/241687385_The_Subjective_Effects_of_Alcohol_ScaleRevisiting_Differences_in_Subjective_Response_by_Gender_Family_History_Smoking_and_Drinking_Status?_iepl%5BgeneralViewId%5D=YQZWEQPe4YAuAN1ntHw4KLcXcJGRwZ1Eztzq&_iepl%5Bcontexts%5D%5B0%5D=searchReact&_iepl%5BviewId%5D=IDlNl4Vyl3nQ7giYvShhPkj1dMkru0GibMJ3&_iepl%5BsearchType%5D=publication&_iepl%5Bdata%5D%5BcountMoreThan20%5D=1&_iepl%5Bdata%5D%5BinteractedWithPosition16%5D=1&_iepl%5Bdata%5D%5BwithoutEnrichment%5D=1&_iepl%5Bposition%5D=16&_iepl%5BrgKey%5D=PB%3A241687385&_iepl%5BtargetEntityId%5D=PB%3A241687385&_iepl%5BinteractionType%5D=publicationCTA
12/02/2018,Identification of Arousal and Relaxation by using SVM-Based Fusion of PPG Features,Chi Jung Kim,2011-11-27,article,,,Zenodo,https://zenodo.org/record/1076014
12/02/2018,The Functional Magnetic Resonance Imaging and the Consumer Behaviour: Reviewing Recent Research,Mikel Alonso López,2016-02-01,article,,,Zenodo,https://zenodo.org/record/1123729
12/02/2018,"Anxiety Sensitivity, State and Trait Anxiety, and Perception of Change in Sympathetic Nervous System Arousal",Jeffrey C Richards,Jul 2000,Article,,,ResearchGate,https://www.researchgate.net/publication/12280385_Anxiety_Sensitivity_State_and_Trait_Anxiety_and_Perception_of_Change_in_Sympathetic_Nervous_System_Arousal?_iepl%5BgeneralViewId%5D=YQZWEQPe4YAuAN1ntHw4KLcXcJGRwZ1Eztzq&_iepl%5Bcontexts%5D%5B0%5D=searchReact&_iepl%5BviewId%5D=IDlNl4Vyl3nQ7giYvShhPkj1dMkru0GibMJ3&_iepl%5BsearchType%5D=publication&_iepl%5Bdata%5D%5BcountMoreThan20%5D=1&_iepl%5Bdata%5D%5BinteractedWithPosition20plus%5D=1&_iepl%5Bdata%5D%5BwithoutEnrichment%5D=1&_iepl%5Bposition%5D=42&_iepl%5BrgKey%5D=PB%3A12280385&_iepl%5BtargetEntityId%5D=PB%3A12280385&_iepl%5BinteractionType%5D=publicationCTA
12/02/2018,"""Narco"" Emotions: Affect and Desensitization in Social Media during the
  Mexican Drug War",Munmun De Choudhury,2015-07-05T22:32:40Z,-,,,arXiv,http://arxiv.org/abs/1507.01287v1
12/02/2018,A Psychophysiological Evaluation of an Effective Recognition Technique Using Interactive Dynamic Virtual Environments,Mohammadhossein Moghimi,2017-04-03,article,,,Zenodo,https://zenodo.org/record/1130437
12/02/2018,"Global transient dynamics of three-dimensional hydrodynamical
  disturbances in a thin viscous accretion disk",Paola Rebusco,2009-06-01T16:34:13Z,-,,,arXiv,http://arxiv.org/abs/0906.0004v2
12/02/2018,Bored in the USA: Experience sampling and boredom in everyday life.,"Chin, Alycia",2017-01-01,article,,,Zenodo,https://zenodo.org/record/894578
12/02/2018,"Building Emotional Machines: Recognizing Image Emotions through Deep
  Neural Networks",Hye-Rin Kim,2017-05-22T02:56:23Z,-,,,arXiv,http://arxiv.org/abs/1705.07543v2
12/02/2018,Modulation of Total Sleep Time by Transcranial Direct Current Stimulation (tDCS),Frase L,2016-04-11,article,,,Zenodo,https://zenodo.org/record/439501
12/02/2018,Factors determining nestedness in complex networks,Samuel Johnson,2013-07-17T16:18:23Z,-,,,arXiv,http://arxiv.org/abs/1307.4685v2
12/02/2018,Computational Analysis of Valence and Arousal in Virtual Reality Gaming using Lower Arm Electromyograms,Ilia Shumailov,Oct 2017,Conference Paper,,,ResearchGate,https://www.researchgate.net/publication/320065042_Computational_Analysis_of_Valence_and_Arousal_in_Virtual_Reality_Gaming_using_Lower_Arm_Electromyograms?_iepl%5BgeneralViewId%5D=YQZWEQPe4YAuAN1ntHw4KLcXcJGRwZ1Eztzq&_iepl%5Bcontexts%5D%5B0%5D=searchReact&_iepl%5BviewId%5D=IDlNl4Vyl3nQ7giYvShhPkj1dMkru0GibMJ3&_iepl%5BsearchType%5D=publication&_iepl%5Bdata%5D%5BcountMoreThan20%5D=1&_iepl%5Bdata%5D%5BinteractedWithPosition9%5D=1&_iepl%5Bdata%5D%5BwithEnrichment%5D=1&_iepl%5Bposition%5D=9&_iepl%5BrgKey%5D=PB%3A320065042&_iepl%5BtargetEntityId%5D=PB%3A320065042&_iepl%5BinteractionType%5D=publicationCTA
12/02/2018,"Emotional Reactions and the Pulse of Public Opinion: Measuring the
  Impact of Political Events on the Sentiment of Online Discussions",Sandra Gonzalez-Bailon,2010-09-21T08:35:00Z,-,,,arXiv,http://arxiv.org/abs/1009.4019v1
12/02/2018,"Capitalizing on the success of romantic partners: A laboratory investigation on subjective, facial, and physiological emotional processing.",Michał Kosakowski,2014-04-23,article,,,Zenodo,https://zenodo.org/record/260085
12/02/2018,EEG and ECG changes during deep-sea manned submersible operation,Haifei Yang,2017-07-01T11:49:47Z,-,,,arXiv,http://arxiv.org/abs/1707.00142v1
12/02/2018,Analysis of the Long-term Effect of Office Lighting Environment on Human Reponses,D.Y. Su,2012-07-25,article,,,Zenodo,https://zenodo.org/record/1085696
12/02/2018,Midi-level measurement of social anxiety in psychiatric and non-psychiatric samples,Peter M Monti,Feb 1984,Article,,,ResearchGate,https://www.researchgate.net/publication/16678136_Midi-level_measurement_of_social_anxiety_in_psychiatric_and_non-psychiatric_samples?_iepl%5BgeneralViewId%5D=YQZWEQPe4YAuAN1ntHw4KLcXcJGRwZ1Eztzq&_iepl%5Bcontexts%5D%5B0%5D=searchReact&_iepl%5BviewId%5D=IDlNl4Vyl3nQ7giYvShhPkj1dMkru0GibMJ3&_iepl%5BsearchType%5D=publication&_iepl%5Bdata%5D%5BcountMoreThan20%5D=1&_iepl%5Bdata%5D%5BinteractedWithPosition20plus%5D=1&_iepl%5Bdata%5D%5BwithoutEnrichment%5D=1&_iepl%5Bposition%5D=39&_iepl%5BrgKey%5D=PB%3A16678136&_iepl%5BtargetEntityId%5D=PB%3A16678136&_iepl%5BinteractionType%5D=publicationCTA
12/02/2018,Digital Narrative as a Change Agent to Teach Reading to Media-Centric Students,Robert F. Kenny,2007-11-27,article,,,Zenodo,https://zenodo.org/record/1062132
12/02/2018,"Intelligent emotions stabilization system using standarized images, breath sensor and biofeedback – preliminary findings - short communication","Sokolov, Oleksandr",2015-02-28,article,,,Zenodo,https://zenodo.org/record/16251
12/02/2018,"Altered interoceptive awareness in anorexia nervosa: Effects of meal anticipation, consumption and bodily arousal",Sahib S Khalsa,Feb 2015,Article,,,ResearchGate,https://www.researchgate.net/publication/272754437_Altered_interoceptive_awareness_in_anorexia_nervosa_Effects_of_meal_anticipation_consumption_and_bodily_arousal?_iepl%5BgeneralViewId%5D=YQZWEQPe4YAuAN1ntHw4KLcXcJGRwZ1Eztzq&_iepl%5Bcontexts%5D%5B0%5D=searchReact&_iepl%5BviewId%5D=IDlNl4Vyl3nQ7giYvShhPkj1dMkru0GibMJ3&_iepl%5BsearchType%5D=publication&_iepl%5Bdata%5D%5BcountMoreThan20%5D=1&_iepl%5Bdata%5D%5BinteractedWithPosition8%5D=1&_iepl%5Bdata%5D%5BwithoutEnrichment%5D=1&_iepl%5Bposition%5D=8&_iepl%5BrgKey%5D=PB%3A272754437&_iepl%5BtargetEntityId%5D=PB%3A272754437&_iepl%5BinteractionType%5D=publicationCTA
12/02/2018,"Hiding Information in Noise: Fundamental Limits of Covert Wireless
  Communication",Boulat A. Bash,2015-05-30T03:34:19Z,-,,,arXiv,http://arxiv.org/abs/1506.00066v1
12/02/2018,"Demonstrating mesoscopic superpositions in double-well Bose-Einstein
  condensates",T. J. Haigh,2009-07-08T03:48:44Z,-,,,arXiv,http://arxiv.org/abs/0907.1333v1
12/02/2018,"A Comparison of the Attempts of Quantum Discord and Quantum Entanglement
  to Capture Quantum Correlations",Asma Al-Qasimi,2010-07-12T01:59:45Z,-,,,arXiv,http://arxiv.org/abs/1007.1814v1
12/02/2018,Towards In Situ Affect Detection in Mobile Devices: A Multimodal Approach,Mohammad Adibuzzaman,Oct 2013,Conference Paper,,,ResearchGate,https://www.researchgate.net/publication/259105619_Towards_In_Situ_Affect_Detection_in_Mobile_Devices_A_Multimodal_Approach?_iepl%5BgeneralViewId%5D=YQZWEQPe4YAuAN1ntHw4KLcXcJGRwZ1Eztzq&_iepl%5Bcontexts%5D%5B0%5D=searchReact&_iepl%5BviewId%5D=IDlNl4Vyl3nQ7giYvShhPkj1dMkru0GibMJ3&_iepl%5BsearchType%5D=publication&_iepl%5Bdata%5D%5BcountMoreThan20%5D=1&_iepl%5Bdata%5D%5BinteractedWithPosition20plus%5D=1&_iepl%5Bdata%5D%5BwithoutEnrichment%5D=1&_iepl%5Bposition%5D=22&_iepl%5BrgKey%5D=PB%3A259105619&_iepl%5BtargetEntityId%5D=PB%3A259105619&_iepl%5BinteractionType%5D=publicationCTA
12/02/2018,"Conditional Spectral Analysis of Replicated Multiple Time Series with
  Application to Nocturnal Physiology",Robert T. Krafty,2015-02-11T00:04:05Z,-,,,arXiv,http://arxiv.org/abs/1502.03153v3
12/02/2018,Using Virtual Humans to Understand Real Ones,Katie Hoemann,2016-06-13T22:41:50Z,-,,,arXiv,http://arxiv.org/abs/1606.04165v1
12/02/2018,Particle Emission-dependent Timing Noise of Pulsars?,Xiongwei Liu,2010-09-17T04:14:49Z,-,,,arXiv,http://arxiv.org/abs/1009.3330v2
12/02/2018,"Measuring Cultural Relativity of Emotional Valence and Arousal using
  Semantic Clustering and Twitter",Eugene Yuta Bann,2013-04-28T19:30:11Z,-,,,arXiv,http://arxiv.org/abs/1304.7507v1
12/02/2018,"Good Friends, Bad News - Affect and Virality in Twitter",Lars Kai Hansen,2011-01-03T12:54:03Z,-,,,arXiv,http://arxiv.org/abs/1101.0510v1
12/02/2018,On the orbital period of the magnetic Cataclysmic Variable HS 0922+1333,G. H. Tovmassian,2007-04-07T01:37:57Z,-,,,arXiv,http://arxiv.org/abs/0704.0961v1
12/02/2018,Legal Theories Underpinning Access to Justice for Victims of Sexual Violence in Refugee Camps in Africa,O. E. Eberechi,2016-06-02,article,,,Zenodo,https://zenodo.org/record/1125671
12/02/2018,"Hot chicks, cold feet",Randi Oppermann Moe,May 2017,Article,,,ResearchGate,https://www.researchgate.net/publication/317077856_Hot_chicks_cold_feet?_iepl%5BgeneralViewId%5D=YQZWEQPe4YAuAN1ntHw4KLcXcJGRwZ1Eztzq&_iepl%5Bcontexts%5D%5B0%5D=searchReact&_iepl%5BviewId%5D=IDlNl4Vyl3nQ7giYvShhPkj1dMkru0GibMJ3&_iepl%5BsearchType%5D=publication&_iepl%5Bdata%5D%5BcountMoreThan20%5D=1&_iepl%5Bdata%5D%5BinteractedWithPosition13%5D=1&_iepl%5Bdata%5D%5BwithoutEnrichment%5D=1&_iepl%5Bposition%5D=13&_iepl%5BrgKey%5D=PB%3A317077856&_iepl%5BtargetEntityId%5D=PB%3A317077856&_iepl%5BinteractionType%5D=publicationCTA
12/02/2018,"Does Sub-millisecond Pulsar XTE J1739-285 Contain a Low Magnetic Neutron
  Star or Quark Star ?",C. M. Zhang,2007-08-27T09:57:56Z,-,,,arXiv,http://arxiv.org/abs/0708.3566v2
12/02/2018,Authoring Tactile Gestures: Case Study for Emotion Stimulation,Rodrigo Lentini,2016-10-02,article,,,Zenodo,https://zenodo.org/record/1127422
12/02/2018,Analysis of Random Pulse Repetition Interval Radar,Jieli Zhu,2016-01-28T02:28:47Z,-,,,arXiv,http://arxiv.org/abs/1601.07624v1
12/02/2018,Autonomic Responses to Music and Vibroacoustic Therapy in Rett Syndrome,Marith Bergstrom-Isacsson,Jan 2007,Article,,,ResearchGate,https://www.researchgate.net/publication/249063555_Autonomic_Responses_to_Music_and_Vibroacoustic_Therapy_in_Rett_Syndrome?_iepl%5BgeneralViewId%5D=YQZWEQPe4YAuAN1ntHw4KLcXcJGRwZ1Eztzq&_iepl%5Bcontexts%5D%5B0%5D=searchReact&_iepl%5BviewId%5D=IDlNl4Vyl3nQ7giYvShhPkj1dMkru0GibMJ3&_iepl%5BsearchType%5D=publication&_iepl%5Bdata%5D%5BcountMoreThan20%5D=1&_iepl%5Bdata%5D%5BinteractedWithPosition20plus%5D=1&_iepl%5Bdata%5D%5BwithoutEnrichment%5D=1&_iepl%5Bposition%5D=47&_iepl%5BrgKey%5D=PB%3A249063555&_iepl%5BtargetEntityId%5D=PB%3A249063555&_iepl%5BinteractionType%5D=publicationCTA
12/02/2018,Differential Analysis: Crew Resource Management and Profiles on the Balanced Inventory of Desirable Responding,Charalambos C. Cleanthous,2017-03-05,article,,,Zenodo,https://zenodo.org/record/1129930
12/02/2018,"Latent semantics of action verbs reflect phonetic parameters of
  intensity and emotional content",Michael Kai Petersen,2014-05-06T16:52:34Z,-,,,arXiv,http://arxiv.org/abs/1405.1359v3
12/02/2018,"Annual Reports of Education, Health and Sport 9781329876262","Mikolajewska, Emilia at al.",2013-01-31,book,,,Zenodo,https://zenodo.org/record/45634
12/02/2018,Two-proton correlation function: a gentle introduction,A. Deloff,2007-09-27T10:40:00Z,-,,,arXiv,http://arxiv.org/abs/0709.4354v2
12/02/2018,Browsing Abstract Art by Appearance,"Padilla, Stefano",2012-04-01,section,,,Zenodo,https://zenodo.org/record/811662
12/02/2018,The Impact of Social Curiosity on Information Spreading on Networks,Didier A. Vega-Oliveros,2017-06-24T15:20:12Z,-,,,arXiv,http://arxiv.org/abs/1706.07972v1
12/02/2018,"A coarse-to-fine algorithm for registration in 3D street-view
  cross-source point clouds",Xiaoshui Huang,2016-10-24T08:22:32Z,-,,,arXiv,http://arxiv.org/abs/1610.07324v1
12/02/2018,The Consumer Responses toward the Offensive Product Advertising,Chin Tangtarntana,2017-05-01,article,,,Zenodo,https://zenodo.org/record/1131021
12/02/2018,Emotionally Colorful Reflexive Games,Sergey Tarasenko,2010-12-27T15:18:31Z,-,,,arXiv,http://arxiv.org/abs/1101.0820v1
12/02/2018,Figure 5. Process flow of PSO-Classification of Human Emotion from Deap EEG Signal Using Hybrid Improved Neural Networks with Cuckoo Search,M. Sreeshakthy,2015-12-01,figure,,,Zenodo,https://zenodo.org/record/1163833
12/02/2018,Contactless heart rate variability measurement by IR and 3D depth sensors with respiratory sinus arrhythmia,Kaveh Bakhtiyari,Jun 2017,Article,,,ResearchGate,https://www.researchgate.net/publication/317548511_Contactless_heart_rate_variability_measurement_by_IR_and_3D_depth_sensors_with_respiratory_sinus_arrhythmia?_iepl%5BgeneralViewId%5D=YQZWEQPe4YAuAN1ntHw4KLcXcJGRwZ1Eztzq&_iepl%5Bcontexts%5D%5B0%5D=searchReact&_iepl%5BviewId%5D=IDlNl4Vyl3nQ7giYvShhPkj1dMkru0GibMJ3&_iepl%5BsearchType%5D=publication&_iepl%5Bdata%5D%5BcountMoreThan20%5D=1&_iepl%5Bdata%5D%5BinteractedWithPosition20plus%5D=1&_iepl%5Bdata%5D%5BwithoutEnrichment%5D=1&_iepl%5Bposition%5D=26&_iepl%5BrgKey%5D=PB%3A317548511&_iepl%5BtargetEntityId%5D=PB%3A317548511&_iepl%5BinteractionType%5D=publicationCTA
12/02/2018,Developing Innovative Ways to Measure and Communicate Autonomic Arousal in Autism Spectrum Disorders,Matthew S. Goodwin,May 2010,Conference Paper,,,ResearchGate,https://www.researchgate.net/publication/268133142_Developing_Innovative_Ways_to_Measure_and_Communicate_Autonomic_Arousal_in_Autism_Spectrum_Disorders?_iepl%5BgeneralViewId%5D=YQZWEQPe4YAuAN1ntHw4KLcXcJGRwZ1Eztzq&_iepl%5Bcontexts%5D%5B0%5D=searchReact&_iepl%5BviewId%5D=IDlNl4Vyl3nQ7giYvShhPkj1dMkru0GibMJ3&_iepl%5BsearchType%5D=publication&_iepl%5Bdata%5D%5BcountMoreThan20%5D=1&_iepl%5Bdata%5D%5BinteractedWithPosition20plus%5D=1&_iepl%5Bdata%5D%5BwithoutEnrichment%5D=1&_iepl%5Bposition%5D=28&_iepl%5BrgKey%5D=PB%3A268133142&_iepl%5BtargetEntityId%5D=PB%3A268133142&_iepl%5BinteractionType%5D=publicationCTA
12/02/2018,"The Sensitivity of Event Logs, Self-Administered Questionnaires and Photoplethysmography to Detect Treatment-Induced Changes in Female Sexual Arousal Disorder (FSAD) Diagnosis",Alessandra Rellini,Apr 2006,Article,,,ResearchGate,https://www.researchgate.net/publication/7287242_The_Sensitivity_of_Event_Logs_Self-Administered_Questionnaires_and_Photoplethysmography_to_Detect_Treatment-Induced_Changes_in_Female_Sexual_Arousal_Disorder_FSAD_Diagnosis?_iepl%5BgeneralViewId%5D=YQZWEQPe4YAuAN1ntHw4KLcXcJGRwZ1Eztzq&_iepl%5Bcontexts%5D%5B0%5D=searchReact&_iepl%5BviewId%5D=IDlNl4Vyl3nQ7giYvShhPkj1dMkru0GibMJ3&_iepl%5BsearchType%5D=publication&_iepl%5Bdata%5D%5BcountMoreThan20%5D=1&_iepl%5Bdata%5D%5BinteractedWithPosition10%5D=1&_iepl%5Bdata%5D%5BwithoutEnrichment%5D=1&_iepl%5Bposition%5D=10&_iepl%5BrgKey%5D=PB%3A7287242&_iepl%5BtargetEntityId%5D=PB%3A7287242&_iepl%5BinteractionType%5D=publicationCTA
12/02/2018,Efficient Computation in Adaptive Artificial Spiking Neural Networks,Davide Zambrano,2017-10-13T08:29:50Z,-,,,arXiv,http://arxiv.org/abs/1710.04838v1
12/02/2018,Light weakly interacting massive particles,Graciela B. Gelmini,2016-12-29T13:29:24Z,-,,,arXiv,http://arxiv.org/abs/1612.09137v2
12/02/2018,Suppressing technical noises in weak measurement by entanglement,Shengshi Pang,2015-04-29T04:21:11Z,-,,,arXiv,http://arxiv.org/abs/1504.07718v2
12/02/2018,"AffectNet: A Database for Facial Expression, Valence, and Arousal
  Computing in the Wild",Ali Mollahosseini,2017-08-14T01:40:47Z,-,,,arXiv,http://arxiv.org/abs/1708.03985v4
12/02/2018,"Measuring the unmeasurable - a project of domestic violence risk
  prediction and management",Ya-Yun Chen,2017-10-18T17:48:51Z,-,,,arXiv,http://arxiv.org/abs/1710.06842v1
12/02/2018,Correlated Neural Activity in Cortex and Thalamus Following Brain Injury,Young-Seok Choi,2015-09-04,article,,,Zenodo,https://zenodo.org/record/1109299
12/02/2018,Proposal of a Method to Predict Subjective Rating on Drowsiness Using Physiological and Behavioral Measures,Atsuo Murata,Mar 2016,Article,,,ResearchGate,https://www.researchgate.net/publication/298796005_Proposal_of_a_Method_to_Predict_Subjective_Rating_on_Drowsiness_Using_Physiological_and_Behavioral_Measures?_iepl%5BgeneralViewId%5D=YQZWEQPe4YAuAN1ntHw4KLcXcJGRwZ1Eztzq&_iepl%5Bcontexts%5D%5B0%5D=searchReact&_iepl%5BviewId%5D=IDlNl4Vyl3nQ7giYvShhPkj1dMkru0GibMJ3&_iepl%5BsearchType%5D=publication&_iepl%5Bdata%5D%5BcountMoreThan20%5D=1&_iepl%5Bdata%5D%5BinteractedWithPosition5%5D=1&_iepl%5Bdata%5D%5BwithoutEnrichment%5D=1&_iepl%5Bposition%5D=5&_iepl%5BrgKey%5D=PB%3A298796005&_iepl%5BtargetEntityId%5D=PB%3A298796005&_iepl%5BinteractionType%5D=publicationCTA
12/02/2018,The scoring of respiratory events in sleep: Reliability and validity,Susan Redline,Apr 2007,Article,,,ResearchGate,https://www.researchgate.net/publication/6280314_The_scoring_of_respiratory_events_in_sleep_Reliability_and_validity?_iepl%5BgeneralViewId%5D=YQZWEQPe4YAuAN1ntHw4KLcXcJGRwZ1Eztzq&_iepl%5Bcontexts%5D%5B0%5D=searchReact&_iepl%5BviewId%5D=IDlNl4Vyl3nQ7giYvShhPkj1dMkru0GibMJ3&_iepl%5BsearchType%5D=publication&_iepl%5Bdata%5D%5BcountMoreThan20%5D=1&_iepl%5Bdata%5D%5BinteractedWithPosition20plus%5D=1&_iepl%5Bdata%5D%5BwithoutEnrichment%5D=1&_iepl%5Bposition%5D=27&_iepl%5BrgKey%5D=PB%3A6280314&_iepl%5BtargetEntityId%5D=PB%3A6280314&_iepl%5BinteractionType%5D=publicationCTA
12/02/2018,"About influence of the deuteron electric and magnetic plarizabities on
  measurement of the deuteron EDM in a storage ring",V. G. Baryshevsky,2005-10-12T12:41:19Z,-,,,arXiv,http://arxiv.org/abs/hep-ph/0510158v1
12/02/2018,Experimental results on chiral magnetic and vortical effects,Gang Wang,2016-09-18T16:06:20Z,-,,,arXiv,http://arxiv.org/abs/1609.05506v1
12/02/2018,Modelling of polysomnographic respiratory measurements for artefact detection and signal restoration,Suren I Rathnayake,Sep 2008,Article,,,ResearchGate,https://www.researchgate.net/publication/43508151_Modelling_of_polysomnographic_respiratory_measurements_for_artefact_detection_and_signal_restoration?_iepl%5BgeneralViewId%5D=YQZWEQPe4YAuAN1ntHw4KLcXcJGRwZ1Eztzq&_iepl%5Bcontexts%5D%5B0%5D=searchReact&_iepl%5BviewId%5D=IDlNl4Vyl3nQ7giYvShhPkj1dMkru0GibMJ3&_iepl%5BsearchType%5D=publication&_iepl%5Bdata%5D%5BcountMoreThan20%5D=1&_iepl%5Bdata%5D%5BinteractedWithPosition11%5D=1&_iepl%5Bdata%5D%5BwithoutEnrichment%5D=1&_iepl%5Bposition%5D=11&_iepl%5BrgKey%5D=PB%3A43508151&_iepl%5BtargetEntityId%5D=PB%3A43508151&_iepl%5BinteractionType%5D=publicationCTA
12/02/2018,Unraveling the roles of orienting and inhibition in the Concealed Information Test,Nathalie klein Selle,Feb 2017,Article,,,ResearchGate,https://www.researchgate.net/publication/313250743_Unraveling_the_roles_of_orienting_and_inhibition_in_the_Concealed_Information_Test?_iepl%5BgeneralViewId%5D=YQZWEQPe4YAuAN1ntHw4KLcXcJGRwZ1Eztzq&_iepl%5Bcontexts%5D%5B0%5D=searchReact&_iepl%5BviewId%5D=IDlNl4Vyl3nQ7giYvShhPkj1dMkru0GibMJ3&_iepl%5BsearchType%5D=publication&_iepl%5Bdata%5D%5BcountMoreThan20%5D=1&_iepl%5Bdata%5D%5BinteractedWithPosition7%5D=1&_iepl%5Bdata%5D%5BwithEnrichment%5D=1&_iepl%5Bposition%5D=7&_iepl%5BrgKey%5D=PB%3A313250743&_iepl%5BtargetEntityId%5D=PB%3A313250743&_iepl%5BinteractionType%5D=publicationCTA
12/02/2018,"Direct observation of the effective bending moduli of a fluid membrane:
  Free-energy cost due to the reference-plane deformations",Yoshihiro Nishiyama,2003-07-10T11:12:02Z,-,,,arXiv,http://arxiv.org/abs/cond-mat/0307237v1
12/02/2018,Extraction of Body Movement Characteristics during Sleep by Measuring at Different Body Sites,M. Kato,Jan 2014,Article,,,ResearchGate,https://www.researchgate.net/publication/288636889_Extraction_of_Body_Movement_Characteristics_during_Sleep_by_Measuring_at_Different_Body_Sites?_iepl%5BgeneralViewId%5D=YQZWEQPe4YAuAN1ntHw4KLcXcJGRwZ1Eztzq&_iepl%5Bcontexts%5D%5B0%5D=searchReact&_iepl%5BviewId%5D=IDlNl4Vyl3nQ7giYvShhPkj1dMkru0GibMJ3&_iepl%5BsearchType%5D=publication&_iepl%5Bdata%5D%5BcountMoreThan20%5D=1&_iepl%5Bdata%5D%5BinteractedWithPosition14%5D=1&_iepl%5Bdata%5D%5BwithoutEnrichment%5D=1&_iepl%5Bposition%5D=14&_iepl%5BrgKey%5D=PB%3A288636889&_iepl%5BtargetEntityId%5D=PB%3A288636889&_iepl%5BinteractionType%5D=publicationCTA
12/02/2018,The Impact of Video Games in Children-s Learning of Mathematics,Muhammad Ridhuan Tony Lim Abdullah,2012-04-28,article,,,Zenodo,https://zenodo.org/record/1056970
12/02/2018,Predicting the Three Major Dimensions of the Learner's Emotions from Brainwaves,Alicia Heraz,Jan 2007,Article,,,ResearchGate,https://www.researchgate.net/publication/242379080_Predicting_the_Three_Major_Dimensions_of_the_Learner%27s_Emotions_from_Brainwaves?_iepl%5BgeneralViewId%5D=YQZWEQPe4YAuAN1ntHw4KLcXcJGRwZ1Eztzq&_iepl%5Bcontexts%5D%5B0%5D=searchReact&_iepl%5BviewId%5D=IDlNl4Vyl3nQ7giYvShhPkj1dMkru0GibMJ3&_iepl%5BsearchType%5D=publication&_iepl%5Bdata%5D%5BcountMoreThan20%5D=1&_iepl%5Bdata%5D%5BinteractedWithPosition12%5D=1&_iepl%5Bdata%5D%5BwithoutEnrichment%5D=1&_iepl%5Bposition%5D=12&_iepl%5BrgKey%5D=PB%3A242379080&_iepl%5BtargetEntityId%5D=PB%3A242379080&_iepl%5BinteractionType%5D=publicationCTA
12/02/2018,"Using physiological measures in conjunction with other UX approaches for
  better understanding of the player's gameplay experiences",Pejman Mirza-Babaei,2011-02-16T12:42:59Z,-,,,arXiv,http://arxiv.org/abs/1102.3325v1
12/02/2018,CBE: Corpus-based of emotion for emotion detection in text document,Fika Hastarita Rachman,Jan 2016,Conference Paper,,,ResearchGate,https://www.researchgate.net/publication/315871933_CBE_Corpus-based_of_emotion_for_emotion_detection_in_text_document?_iepl%5BgeneralViewId%5D=YQZWEQPe4YAuAN1ntHw4KLcXcJGRwZ1Eztzq&_iepl%5Bcontexts%5D%5B0%5D=searchReact&_iepl%5BviewId%5D=IDlNl4Vyl3nQ7giYvShhPkj1dMkru0GibMJ3&_iepl%5BsearchType%5D=publication&_iepl%5Bdata%5D%5BcountMoreThan20%5D=1&_iepl%5Bdata%5D%5BinteractedWithPosition15%5D=1&_iepl%5Bdata%5D%5BwithoutEnrichment%5D=1&_iepl%5Bposition%5D=15&_iepl%5BrgKey%5D=PB%3A315871933&_iepl%5BtargetEntityId%5D=PB%3A315871933&_iepl%5BinteractionType%5D=publicationCTA
12/02/2018,Developing an H-index for OSS developers,Andrea Capiluppi,Jun 2012,Article,,,ResearchGate,https://www.researchgate.net/publication/254040773_Developing_an_H-index_for_OSS_developers?_iepl%5BgeneralViewId%5D=YQZWEQPe4YAuAN1ntHw4KLcXcJGRwZ1Eztzq&_iepl%5Bcontexts%5D%5B0%5D=searchReact&_iepl%5BviewId%5D=IDlNl4Vyl3nQ7giYvShhPkj1dMkru0GibMJ3&_iepl%5BsearchType%5D=publication&_iepl%5Bdata%5D%5BcountMoreThan20%5D=1&_iepl%5Bdata%5D%5BinteractedWithPosition20plus%5D=1&_iepl%5Bdata%5D%5BwithEnrichment%5D=1&_iepl%5Bposition%5D=33&_iepl%5BrgKey%5D=PB%3A254040773&_iepl%5BtargetEntityId%5D=PB%3A254040773&_iepl%5BinteractionType%5D=publicationCTA
12/02/2018,StartleCam: A Cybernetic Wearable Camera,Jennifer Healey,Feb 2003,Article,,,ResearchGate,https://www.researchgate.net/publication/2415659_StartleCam_A_Cybernetic_Wearable_Camera?_iepl%5BgeneralViewId%5D=YQZWEQPe4YAuAN1ntHw4KLcXcJGRwZ1Eztzq&_iepl%5Bcontexts%5D%5B0%5D=searchReact&_iepl%5BviewId%5D=IDlNl4Vyl3nQ7giYvShhPkj1dMkru0GibMJ3&_iepl%5BsearchType%5D=publication&_iepl%5Bdata%5D%5BcountMoreThan20%5D=1&_iepl%5Bdata%5D%5BinteractedWithPosition20plus%5D=1&_iepl%5Bdata%5D%5BwithoutEnrichment%5D=1&_iepl%5Bposition%5D=43&_iepl%5BrgKey%5D=PB%3A2415659&_iepl%5BtargetEntityId%5D=PB%3A2415659&_iepl%5BinteractionType%5D=publicationCTA
12/02/2018,Influencing Human Affective Responses to Dynamic Virtual Environments,Mohammadhossein Moghimi,Nov 2016,Article,,,ResearchGate,https://www.researchgate.net/publication/310389994_Influencing_Human_Affective_Responses_to_Dynamic_Virtual_Environments?_iepl%5BgeneralViewId%5D=YQZWEQPe4YAuAN1ntHw4KLcXcJGRwZ1Eztzq&_iepl%5Bcontexts%5D%5B0%5D=searchReact&_iepl%5BviewId%5D=IDlNl4Vyl3nQ7giYvShhPkj1dMkru0GibMJ3&_iepl%5BsearchType%5D=publication&_iepl%5Bdata%5D%5BcountMoreThan20%5D=1&_iepl%5Bdata%5D%5BinteractedWithPosition20plus%5D=1&_iepl%5Bdata%5D%5BwithEnrichment%5D=1&_iepl%5Bposition%5D=29&_iepl%5BrgKey%5D=PB%3A310389994&_iepl%5BtargetEntityId%5D=PB%3A310389994&_iepl%5BinteractionType%5D=publicationCTA
12/02/2018,A method for Music Classification Based On Perceived Mood Detection for Indian Bollywood Music,Vallabha Hampiholi,2012-12-25,article,,,Zenodo,https://zenodo.org/record/1084718
12/02/2018,Emotional responses to irony and emoticons in written language: Evidence from EDA and facial EMG,Dominic Thompson,Mar 2016,Article,,,ResearchGate,https://www.researchgate.net/publication/294871280_Emotional_responses_to_irony_and_emoticons_in_written_language_Evidence_from_EDA_and_facial_EMG?_iepl%5BgeneralViewId%5D=YQZWEQPe4YAuAN1ntHw4KLcXcJGRwZ1Eztzq&_iepl%5Bcontexts%5D%5B0%5D=searchReact&_iepl%5BviewId%5D=IDlNl4Vyl3nQ7giYvShhPkj1dMkru0GibMJ3&_iepl%5BsearchType%5D=publication&_iepl%5Bdata%5D%5BcountMoreThan20%5D=1&_iepl%5Bdata%5D%5BinteractedWithPosition20plus%5D=1&_iepl%5Bdata%5D%5BwithoutEnrichment%5D=1&_iepl%5Bposition%5D=21&_iepl%5BrgKey%5D=PB%3A294871280&_iepl%5BtargetEntityId%5D=PB%3A294871280&_iepl%5BinteractionType%5D=publicationCTA
12/02/2018,Resting heart rate: A physiological predicator of lie detection ability,Geoffrey Duran,Jan 2018,Article,,,ResearchGate,https://www.researchgate.net/publication/322239562_Resting_heart_rate_A_physiological_predicator_of_lie_detection_ability?_iepl%5BgeneralViewId%5D=YQZWEQPe4YAuAN1ntHw4KLcXcJGRwZ1Eztzq&_iepl%5Bcontexts%5D%5B0%5D=searchReact&_iepl%5BviewId%5D=IDlNl4Vyl3nQ7giYvShhPkj1dMkru0GibMJ3&_iepl%5BsearchType%5D=publication&_iepl%5Bdata%5D%5BcountMoreThan20%5D=1&_iepl%5Bdata%5D%5BinteractedWithPosition4%5D=1&_iepl%5Bdata%5D%5BwithoutEnrichment%5D=1&_iepl%5Bposition%5D=4&_iepl%5BrgKey%5D=PB%3A322239562&_iepl%5BtargetEntityId%5D=PB%3A322239562&_iepl%5BinteractionType%5D=publicationCTA
12/02/2018,"Employee Aggression, Labeling and Emotional Intelligence",Martin Popescu D. Dana Maria,2014-06-01,article,,,Zenodo,https://zenodo.org/record/1093766
Searched,Title,Authors,Published,Type,Include?,Exclusion code,Database,Source
12/02/2018,"Introduction to Sofic and Hyperlinear groups and Connes' embedding
  conjecture",Valerio Capraro,2013-09-09T03:20:35Z,-,,,arXiv,http://arxiv.org/abs/1309.2034v6
12/02/2018,Violent Videogame Playing and Its Relations to Antisocial Behaviors,Martin Jelínek,2016-05-03,article,,,Zenodo,https://zenodo.org/record/1124889
12/02/2018,Spin-Space Entanglement Transfer and Quantum Statistics,Y. Omar,2001-05-23T20:26:40Z,-,,,arXiv,http://arxiv.org/abs/quant-ph/0105120v2
12/02/2018,"Beltrami operators, non--symmetric elliptic equations and quantitative
  Jacobian bounds",Giovanni Alessandrini,2007-07-05T07:50:37Z,-,,,arXiv,http://arxiv.org/abs/0707.0727v1
12/02/2018,"Heraz, A., Frasson, C. ""Predicting the Three Major Dimensions of the Learner's Emotions from Brainwaves"". International Journal of Computer Science, Volume 2, number 3, pp. 187-193, 2008",Claude Frasson,Jan 2008,Data,,,ResearchGate,https://www.researchgate.net/publication/257945846_Heraz_A_Frasson_C_Predicting_the_Three_Major_Dimensions_of_the_Learner%27s_Emotions_from_Brainwaves_International_Journal_of_Computer_Science_Volume_2_number_3_pp_187-193_2008?_iepl%5BgeneralViewId%5D=YQZWEQPe4YAuAN1ntHw4KLcXcJGRwZ1Eztzq&_iepl%5Bcontexts%5D%5B0%5D=searchReact&_iepl%5BviewId%5D=IDlNl4Vyl3nQ7giYvShhPkj1dMkru0GibMJ3&_iepl%5BsearchType%5D=publication&_iepl%5Bdata%5D%5BcountMoreThan20%5D=1&_iepl%5Bdata%5D%5BinteractedWithPosition20plus%5D=1&_iepl%5Bdata%5D%5BwithoutEnrichment%5D=1&_iepl%5Bposition%5D=23&_iepl%5BrgKey%5D=PB%3A257945846&_iepl%5BtargetEntityId%5D=PB%3A257945846&_iepl%5BinteractionType%5D=publicationCTA
12/02/2018,"Near-resonant Raman amplification in the rotational quantum wavepackets
  of nitrogen molecular ions generated by strong field ionization",Zhaoxiang Liu,2017-11-08T02:35:19Z,-,,,arXiv,http://arxiv.org/abs/1711.02804v1
12/02/2018,Emotion Detection Using Noninvasive Low Cost Sensors,Daniela Girardi,2017-08-22T15:03:00Z,-,,,arXiv,http://arxiv.org/abs/1708.06664v1
12/02/2018,Effects of pitch and timing expectancy on musical emotion,Sarah A. Sauvé,2017-08-11T20:00:07Z,-,,,arXiv,http://arxiv.org/abs/1708.03687v1
12/02/2018,"Image Steganography based on a Parameterized Canny Edge Detection
  Algorithm",Youssef Bassil,2012-12-23T14:57:18Z,-,,,arXiv,http://arxiv.org/abs/1212.6259v1
12/02/2018,Brief Screening Instrument for Post-Traumatic Stress Disorder,Chris R. Brewin,Sep 2002,Article,,,ResearchGate,https://www.researchgate.net/publication/11232069_Brief_Screening_Instrument_for_Post-Traumatic_Stress_Disorder?_iepl%5BgeneralViewId%5D=YQZWEQPe4YAuAN1ntHw4KLcXcJGRwZ1Eztzq&_iepl%5Bcontexts%5D%5B0%5D=searchReact&_iepl%5BviewId%5D=IDlNl4Vyl3nQ7giYvShhPkj1dMkru0GibMJ3&_iepl%5BsearchType%5D=publication&_iepl%5Bdata%5D%5BcountMoreThan20%5D=1&_iepl%5Bdata%5D%5BinteractedWithPosition20plus%5D=1&_iepl%5Bdata%5D%5BwithoutEnrichment%5D=1&_iepl%5Bposition%5D=44&_iepl%5BrgKey%5D=PB%3A11232069&_iepl%5BtargetEntityId%5D=PB%3A11232069&_iepl%5BinteractionType%5D=publicationCTA
12/02/2018,Radiation reaction of a classical quasi-rigid extended particle,Rodrigo Medina,2005-08-03T21:22:03Z,-,,,arXiv,http://arxiv.org/abs/physics/0508031v3
12/02/2018,"Target predictability, sustained attention, and response inhibition",Leonie Carter,Mar 2013,Article,,,ResearchGate,https://www.researchgate.net/publication/236055386_Target_predictability_sustained_attention_and_response_inhibition?_iepl%5BgeneralViewId%5D=YQZWEQPe4YAuAN1ntHw4KLcXcJGRwZ1Eztzq&_iepl%5Bcontexts%5D%5B0%5D=searchReact&_iepl%5BviewId%5D=IDlNl4Vyl3nQ7giYvShhPkj1dMkru0GibMJ3&_iepl%5BsearchType%5D=publication&_iepl%5Bdata%5D%5BcountMoreThan20%5D=1&_iepl%5Bdata%5D%5BinteractedWithPosition20plus%5D=1&_iepl%5Bdata%5D%5BwithoutEnrichment%5D=1&_iepl%5Bposition%5D=24&_iepl%5BrgKey%5D=PB%3A236055386&_iepl%5BtargetEntityId%5D=PB%3A236055386&_iepl%5BinteractionType%5D=publicationCTA
12/02/2018,Honing Theory: A Complex Systems Framework for Creativity,Liane Gabora,2016-10-08T04:40:41Z,-,,,arXiv,http://arxiv.org/abs/1610.02484v1
12/02/2018,"Fusion of EEG and Musical Features in Continuous Music-emotion
  Recognition",Nattapong Thammasan,2016-11-30T12:24:57Z,-,,,arXiv,http://arxiv.org/abs/1611.10120v1
12/02/2018,Neurobiological Findings in Youth with Borderline Personality Disorder,"Brunner, Romuald",2014-11-30,article,,,Zenodo,https://zenodo.org/record/1119311
12/02/2018,Attentional and Affective Processing of Sexual Stimuli in Women with Hypoactive Sexual Desire Disorder,Marieke Brauer,Sep 2011,Article,,,ResearchGate,https://www.researchgate.net/publication/51619067_Attentional_and_Affective_Processing_of_Sexual_Stimuli_in_Women_with_Hypoactive_Sexual_Desire_Disorder?_iepl%5BgeneralViewId%5D=YQZWEQPe4YAuAN1ntHw4KLcXcJGRwZ1Eztzq&_iepl%5Bcontexts%5D%5B0%5D=searchReact&_iepl%5BviewId%5D=IDlNl4Vyl3nQ7giYvShhPkj1dMkru0GibMJ3&_iepl%5BsearchType%5D=publication&_iepl%5Bdata%5D%5BcountMoreThan20%5D=1&_iepl%5Bdata%5D%5BinteractedWithPosition19%5D=1&_iepl%5Bdata%5D%5BwithoutEnrichment%5D=1&_iepl%5Bposition%5D=19&_iepl%5BrgKey%5D=PB%3A51619067&_iepl%5BtargetEntityId%5D=PB%3A51619067&_iepl%5BinteractionType%5D=publicationCTA
12/02/2018,Modeling of cognition using EEG: A review and a new approach,Nabaraj Dahal,Nov 2011,Article,,,ResearchGate,https://www.researchgate.net/publication/254045925_Modeling_of_cognition_using_EEG_A_review_and_a_new_approach?_iepl%5BgeneralViewId%5D=YQZWEQPe4YAuAN1ntHw4KLcXcJGRwZ1Eztzq&_iepl%5Bcontexts%5D%5B0%5D=searchReact&_iepl%5BviewId%5D=IDlNl4Vyl3nQ7giYvShhPkj1dMkru0GibMJ3&_iepl%5BsearchType%5D=publication&_iepl%5Bdata%5D%5BcountMoreThan20%5D=1&_iepl%5Bdata%5D%5BinteractedWithPosition20plus%5D=1&_iepl%5Bdata%5D%5BwithoutEnrichment%5D=1&_iepl%5Bposition%5D=38&_iepl%5BrgKey%5D=PB%3A254045925&_iepl%5BtargetEntityId%5D=PB%3A254045925&_iepl%5BinteractionType%5D=publicationCTA
12/02/2018,Continuous non-invasive blood pressure estimation,Josep Solà,Nov 2011,Thesis,,,ResearchGate,https://www.researchgate.net/publication/275037897_Continuous_non-invasive_blood_pressure_estimation?_iepl%5BgeneralViewId%5D=YQZWEQPe4YAuAN1ntHw4KLcXcJGRwZ1Eztzq&_iepl%5Bcontexts%5D%5B0%5D=searchReact&_iepl%5BviewId%5D=IDlNl4Vyl3nQ7giYvShhPkj1dMkru0GibMJ3&_iepl%5BsearchType%5D=publication&_iepl%5Bdata%5D%5BcountMoreThan20%5D=1&_iepl%5Bdata%5D%5BinteractedWithPosition20plus%5D=1&_iepl%5Bdata%5D%5BwithoutEnrichment%5D=1&_iepl%5Bposition%5D=35&_iepl%5BrgKey%5D=PB%3A275037897&_iepl%5BtargetEntityId%5D=PB%3A275037897&_iepl%5BinteractionType%5D=publicationCTA
12/02/2018,The relationship between acute stress disorder and posttraumatic stress disorder in severely injured trauma survivors,"Creamer, Mark",2004-04-01,article,,,Zenodo,https://zenodo.org/record/918339
12/02/2018,"Analysis of quantum-mechanical states of the Mie-type ring shaped model
  via the Fisher's information entropy",B. J. Falaye,2014-08-15T13:37:28Z,-,,,arXiv,http://arxiv.org/abs/1408.3535v1
12/02/2018,Gender Differences with Different Emotions for Brain Functional Connectivity analysis,Sushil Chandra,2016-05-03,article,,,Zenodo,https://zenodo.org/record/59511
12/02/2018,"Annual Reports of Education, Health and Sport 9781329900554","Starenkyi, Victor et al.",2014-01-31,book,,,Zenodo,https://zenodo.org/record/46139
12/02/2018,Emotion Analysis of Songs Based on Lyrical and Audio Features,Adit Jamdar,2015-06-16T16:04:08Z,-,,,arXiv,http://arxiv.org/abs/1506.05012v1
12/02/2018,"Visualization of Object Oriented Modeling from the Perspective of Set
  theory",Poornima. U. S.,2014-02-11T05:05:03Z,-,,,arXiv,http://arxiv.org/abs/1402.2373v1
12/02/2018,Towards in situ affect detection in mobile devices: A multimodal approach,Mohammad Adibuzzaman,Oct 2013,Conference Paper,,,ResearchGate,https://www.researchgate.net/publication/262233880_Towards_in_situ_affect_detection_in_mobile_devices_A_multimodal_approach?_iepl%5BgeneralViewId%5D=YQZWEQPe4YAuAN1ntHw4KLcXcJGRwZ1Eztzq&_iepl%5Bcontexts%5D%5B0%5D=searchReact&_iepl%5BviewId%5D=IDlNl4Vyl3nQ7giYvShhPkj1dMkru0GibMJ3&_iepl%5BsearchType%5D=publication&_iepl%5Bdata%5D%5BcountMoreThan20%5D=1&_iepl%5Bdata%5D%5BinteractedWithPosition20%5D=1&_iepl%5Bdata%5D%5BwithoutEnrichment%5D=1&_iepl%5Bposition%5D=20&_iepl%5BrgKey%5D=PB%3A262233880&_iepl%5BtargetEntityId%5D=PB%3A262233880&_iepl%5BinteractionType%5D=publicationCTA
12/02/2018,Mobile-based kernel-fuzzy-C-means-wavelet for driver fatigue prediction with cloud computing,Boon-Giin Lee,Nov 2014,Conference Paper,,,ResearchGate,https://www.researchgate.net/publication/286672267_Mobile-based_kernel-fuzzy-C-means-wavelet_for_driver_fatigue_prediction_with_cloud_computing?_iepl%5BgeneralViewId%5D=YQZWEQPe4YAuAN1ntHw4KLcXcJGRwZ1Eztzq&_iepl%5Bcontexts%5D%5B0%5D=searchReact&_iepl%5BviewId%5D=IDlNl4Vyl3nQ7giYvShhPkj1dMkru0GibMJ3&_iepl%5BsearchType%5D=publication&_iepl%5Bdata%5D%5BcountMoreThan20%5D=1&_iepl%5Bdata%5D%5BinteractedWithPosition20plus%5D=1&_iepl%5Bdata%5D%5BwithoutEnrichment%5D=1&_iepl%5Bposition%5D=25&_iepl%5BrgKey%5D=PB%3A286672267&_iepl%5BtargetEntityId%5D=PB%3A286672267&_iepl%5BinteractionType%5D=publicationCTA
12/02/2018,"An Image Steganography Scheme using Randomized Algorithm and
  Context-Free Grammar",Youssef Bassil,2012-12-10T13:54:44Z,-,,,arXiv,http://arxiv.org/abs/1212.2064v1
12/02/2018,"Direct Observation of Coexistence of Ferromagnetism and
  Superconductivity in RuSr2(Gd0.7Ce0.3)2Cu2O10",S. Y. Chen,2001-05-26T19:12:52Z,-,,,arXiv,http://arxiv.org/abs/cond-mat/0105510v1
12/02/2018,Now see hear! Predictors of extrasensory detection of being seen or heard,David Luke,Sep 2014,Conference Paper,,,ResearchGate,https://www.researchgate.net/publication/278300604_Now_see_hear_Predictors_of_extrasensory_detection_of_being_seen_or_heard?_iepl%5BgeneralViewId%5D=YQZWEQPe4YAuAN1ntHw4KLcXcJGRwZ1Eztzq&_iepl%5Bcontexts%5D%5B0%5D=searchReact&_iepl%5BviewId%5D=IDlNl4Vyl3nQ7giYvShhPkj1dMkru0GibMJ3&_iepl%5BsearchType%5D=publication&_iepl%5Bdata%5D%5BcountMoreThan20%5D=1&_iepl%5Bdata%5D%5BinteractedWithPosition17%5D=1&_iepl%5Bdata%5D%5BwithoutEnrichment%5D=1&_iepl%5Bposition%5D=17&_iepl%5BrgKey%5D=PB%3A278300604&_iepl%5BtargetEntityId%5D=PB%3A278300604&_iepl%5BinteractionType%5D=publicationCTA
12/02/2018,"Implicit Media Tagging and Affect Prediction from video of spontaneous
  facial expressions, recorded with depth camera",Daniel Hadar,2017-01-18T22:23:41Z,-,,,arXiv,http://arxiv.org/abs/1701.05248v1
12/02/2018,Information Theoretical Analysis of Neural Spiking Activity with Temperature Modulation,Young-Seok Choi,2015-05-04,article,,,Zenodo,https://zenodo.org/record/1105939
12/02/2018,"Mathematical models for sleep-wake dynamics: comparison of the
  two-process model and a mutual inhibition neuronal model",Anne C. Skeldon,2013-11-07T16:36:57Z,-,,,arXiv,http://arxiv.org/abs/1311.1734v3
12/02/2018,OPEN_EmoRec_II- A Multimodal Corpus of Human-Computer Interaction,Stefanie Rukavina,2015-05-04,article,,,Zenodo,https://zenodo.org/record/1105977
12/02/2018,"EXAMINING THE RELATIONSHIP BETWEEN EMOTIONS, CUSTOMER SATISFACTION AND FUTURE BEHAVIOURAL INTENTIONS IN AGROTOURISM","Chatzigeorgiou, Chryssoula",2009-03-15,article,,,Zenodo,https://zenodo.org/record/375533
12/02/2018,"Affective Ludology, Flow and Immersion in a First- Person Shooter:
  Measurement of Player Experience",Lennart E. Nacke,2010-04-01T22:24:47Z,-,,,arXiv,http://arxiv.org/abs/1004.0248v1
12/02/2018,"Annual Reports of Education, Health and Sport 9781329899971","Meshcheryakova, A. V. et al.",2013-09-30,book,,,Zenodo,https://zenodo.org/record/46021
12/02/2018,"Glance, glimpse or stare? The discrimination of gaze duration",R. Cook,Sep 2011,Article,,,ResearchGate,https://www.researchgate.net/publication/274950819_Glance_glimpse_or_stare_The_discrimination_of_gaze_duration?_iepl%5BgeneralViewId%5D=YQZWEQPe4YAuAN1ntHw4KLcXcJGRwZ1Eztzq&_iepl%5Bcontexts%5D%5B0%5D=searchReact&_iepl%5BviewId%5D=IDlNl4Vyl3nQ7giYvShhPkj1dMkru0GibMJ3&_iepl%5BsearchType%5D=publication&_iepl%5Bdata%5D%5BcountMoreThan20%5D=1&_iepl%5Bdata%5D%5BinteractedWithPosition20plus%5D=1&_iepl%5Bdata%5D%5BwithoutEnrichment%5D=1&_iepl%5Bposition%5D=41&_iepl%5BrgKey%5D=PB%3A274950819&_iepl%5BtargetEntityId%5D=PB%3A274950819&_iepl%5BinteractionType%5D=publicationCTA
12/02/2018,HeartRater: Tools for the evaluation of interoceptive dimensions of experience,Cassandra Doris Gould van Praag,Mar 2017,Poster,,,ResearchGate,https://www.researchgate.net/publication/315658122_HeartRater_Tools_for_the_evaluation_of_interoceptive_dimensions_of_experience?_iepl%5BgeneralViewId%5D=YQZWEQPe4YAuAN1ntHw4KLcXcJGRwZ1Eztzq&_iepl%5Bcontexts%5D%5B0%5D=searchReact&_iepl%5BviewId%5D=IDlNl4Vyl3nQ7giYvShhPkj1dMkru0GibMJ3&_iepl%5BsearchType%5D=publication&_iepl%5Bdata%5D%5BcountMoreThan20%5D=1&_iepl%5Bdata%5D%5BinteractedWithPosition20plus%5D=1&_iepl%5Bdata%5D%5BwithEnrichment%5D=1&_iepl%5Bposition%5D=31&_iepl%5BrgKey%5D=PB%3A315658122&_iepl%5BtargetEntityId%5D=PB%3A315658122&_iepl%5BinteractionType%5D=publicationCTA
12/02/2018,A Possible Role for Entropy in Creative Cognition,Liane Gabora,2016-11-11T08:08:49Z,-,,,arXiv,http://arxiv.org/abs/1611.03605v1
12/02/2018,"On the feasibility of multi-polymer, liquid-crystal silica
  photovoltaics: simulating diodic p-n junctions with ionic gradients",Arjan Singh Puniani,2010-04-05T18:12:37Z,-,,,arXiv,http://arxiv.org/abs/1004.0673v1
12/02/2018,"Fast and Accurate Random Walk with Restart on Dynamic Graphs with
  Guarantees",Minji Yoon,2017-12-02T12:13:06Z,-,,,arXiv,http://arxiv.org/abs/1712.00595v1
12/02/2018,Evaluation of Candidate Measures for Home-Based Screening of Sleep Disordered Breathing in Taiwanese Bus Drivers,Hua Ting,May 2014,Article,,,ResearchGate,https://www.researchgate.net/publication/262112138_Evaluation_of_Candidate_Measures_for_Home-Based_Screening_of_Sleep_Disordered_Breathing_in_Taiwanese_Bus_Drivers?_iepl%5BgeneralViewId%5D=YQZWEQPe4YAuAN1ntHw4KLcXcJGRwZ1Eztzq&_iepl%5Bcontexts%5D%5B0%5D=searchReact&_iepl%5BviewId%5D=IDlNl4Vyl3nQ7giYvShhPkj1dMkru0GibMJ3&_iepl%5BsearchType%5D=publication&_iepl%5Bdata%5D%5BcountMoreThan20%5D=1&_iepl%5Bdata%5D%5BinteractedWithPosition20plus%5D=1&_iepl%5Bdata%5D%5BwithoutEnrichment%5D=1&_iepl%5Bposition%5D=36&_iepl%5BrgKey%5D=PB%3A262112138&_iepl%5BtargetEntityId%5D=PB%3A262112138&_iepl%5BinteractionType%5D=publicationCTA
12/02/2018,"Measurement of the ratio of branching fractions
  $\frac{\mathcal{BR}(B^0\to K^*γ)}{\mathcal{BR}(B_s^0\toφγ)}$",Savrina Daria,2012-02-02T11:24:34Z,-,,,arXiv,http://arxiv.org/abs/1202.0410v1
12/02/2018,StartleCam: a cybernetic wearable camera,J. Healey,Nov 1998,Conference Paper,,,ResearchGate,https://www.researchgate.net/publication/3778993_StartleCam_a_cybernetic_wearable_camera?_iepl%5BgeneralViewId%5D=YQZWEQPe4YAuAN1ntHw4KLcXcJGRwZ1Eztzq&_iepl%5Bcontexts%5D%5B0%5D=searchReact&_iepl%5BviewId%5D=IDlNl4Vyl3nQ7giYvShhPkj1dMkru0GibMJ3&_iepl%5BsearchType%5D=publication&_iepl%5Bdata%5D%5BcountMoreThan20%5D=1&_iepl%5Bdata%5D%5BinteractedWithPosition20plus%5D=1&_iepl%5Bdata%5D%5BwithoutEnrichment%5D=1&_iepl%5Bposition%5D=46&_iepl%5BrgKey%5D=PB%3A3778993&_iepl%5BtargetEntityId%5D=PB%3A3778993&_iepl%5BinteractionType%5D=publicationCTA
12/02/2018,Can Quantum Entanglement Detection Schemes Improve Search?,Luís Tarrataca,2015-02-06T17:04:50Z,-,,,arXiv,http://arxiv.org/abs/1502.01959v1
12/02/2018,Multivariate Output-Associative RVM for Multi-Dimensional Affect Predictions,Achut Manandhar,2016-01-01,article,,,Zenodo,https://zenodo.org/record/1111901
12/02/2018,"Annual Reports of Education, Health and Sport 9781329900516","Podgorna, V. V. et al.",2013-10-31,book,,,Zenodo,https://zenodo.org/record/46027
12/02/2018,"A model of sensory neural responses in the presence of unknown
  modulatory inputs",Neil C. Rabinowitz,2015-07-06T15:31:20Z,-,,,arXiv,http://arxiv.org/abs/1507.01497v2
12/02/2018,Pupil Frequency Tagging: an on-line measure of visual attention,Marnix Naber,Jul 2013,Article,,,ResearchGate,https://www.researchgate.net/publication/274949285_Pupil_Frequency_Tagging_an_on-line_measure_of_visual_attention?_iepl%5BgeneralViewId%5D=YQZWEQPe4YAuAN1ntHw4KLcXcJGRwZ1Eztzq&_iepl%5Bcontexts%5D%5B0%5D=searchReact&_iepl%5BviewId%5D=IDlNl4Vyl3nQ7giYvShhPkj1dMkru0GibMJ3&_iepl%5BsearchType%5D=publication&_iepl%5Bdata%5D%5BcountMoreThan20%5D=1&_iepl%5Bdata%5D%5BinteractedWithPosition20plus%5D=1&_iepl%5Bdata%5D%5BwithoutEnrichment%5D=1&_iepl%5Bposition%5D=34&_iepl%5BrgKey%5D=PB%3A274949285&_iepl%5BtargetEntityId%5D=PB%3A274949285&_iepl%5BinteractionType%5D=publicationCTA
12/02/2018,Detecting User Engagement in Everyday Conversations,Chen Yu,2004-10-13T02:28:10Z,-,,,arXiv,http://arxiv.org/abs/cs/0410027v1
12/02/2018,"A Review of Salam Phase Transition in Protein Amino Acids: Implication
  for Biomolecular Homochirality",Fan Bai,2002-09-19T11:22:29Z,-,,,arXiv,http://arxiv.org/abs/physics/0209069v2
12/02/2018,The nicotine paradox: Effect of smoking on autonomic discrimination,Thomas W. Lombardo,Feb 1986,Article,,,ResearchGate,https://www.researchgate.net/publication/19421756_The_nicotine_paradox_Effect_of_smoking_on_autonomic_discrimination?_iepl%5BgeneralViewId%5D=YQZWEQPe4YAuAN1ntHw4KLcXcJGRwZ1Eztzq&_iepl%5Bcontexts%5D%5B0%5D=searchReact&_iepl%5BviewId%5D=IDlNl4Vyl3nQ7giYvShhPkj1dMkru0GibMJ3&_iepl%5BsearchType%5D=publication&_iepl%5Bdata%5D%5BcountMoreThan20%5D=1&_iepl%5Bdata%5D%5BinteractedWithPosition20plus%5D=1&_iepl%5Bdata%5D%5BwithoutEnrichment%5D=1&_iepl%5Bposition%5D=48&_iepl%5BrgKey%5D=PB%3A19421756&_iepl%5BtargetEntityId%5D=PB%3A19421756&_iepl%5BinteractionType%5D=publicationCTA
12/02/2018,Predicting the Three Major Dimensions of the Learner-s Emotions from Brainwaves,Alicia Heraz,2007-07-23,article,,,Zenodo,https://zenodo.org/record/1076762
12/02/2018,Affective Haptics: Current Research and Future Directions,Mohamad Eid,Jan 2015,Article,,,ResearchGate,https://www.researchgate.net/publication/283671338_Affective_Haptics_Current_Research_and_Future_Directions?_iepl%5BgeneralViewId%5D=YQZWEQPe4YAuAN1ntHw4KLcXcJGRwZ1Eztzq&_iepl%5Bcontexts%5D%5B0%5D=searchReact&_iepl%5BviewId%5D=IDlNl4Vyl3nQ7giYvShhPkj1dMkru0GibMJ3&_iepl%5BsearchType%5D=publication&_iepl%5Bdata%5D%5BcountMoreThan20%5D=1&_iepl%5Bdata%5D%5BinteractedWithPosition20plus%5D=1&_iepl%5Bdata%5D%5BwithoutEnrichment%5D=1&_iepl%5Bposition%5D=37&_iepl%5BrgKey%5D=PB%3A283671338&_iepl%5BtargetEntityId%5D=PB%3A283671338&_iepl%5BinteractionType%5D=publicationCTA
12/02/2018,EEG variables as measures of arousal during propofol anaesthesia for general surgery in children: Rational selection and age dependence,Christian Jeleazcov,Dec 2007,Article,,,ResearchGate,https://www.researchgate.net/publication/5881507_EEG_variables_as_measures_of_arousal_during_propofol_anaesthesia_for_general_surgery_in_children_Rational_selection_and_age_dependence?_iepl%5BgeneralViewId%5D=YQZWEQPe4YAuAN1ntHw4KLcXcJGRwZ1Eztzq&_iepl%5Bcontexts%5D%5B0%5D=searchReact&_iepl%5BviewId%5D=IDlNl4Vyl3nQ7giYvShhPkj1dMkru0GibMJ3&_iepl%5BsearchType%5D=publication&_iepl%5Bdata%5D%5BcountMoreThan20%5D=1&_iepl%5Bdata%5D%5BinteractedWithPosition3%5D=1&_iepl%5Bdata%5D%5BwithoutEnrichment%5D=1&_iepl%5Bposition%5D=3&_iepl%5BrgKey%5D=PB%3A5881507&_iepl%5BtargetEntityId%5D=PB%3A5881507&_iepl%5BinteractionType%5D=publicationCTA
12/02/2018,Measuring “Spidey Sense” in a Threat Detection Task,Vladimir Zotov,Sep 2011,Article,,,ResearchGate,https://www.researchgate.net/publication/271716131_Measuring_Spidey_Sense_in_a_Threat_Detection_Task?_iepl%5BgeneralViewId%5D=YQZWEQPe4YAuAN1ntHw4KLcXcJGRwZ1Eztzq&_iepl%5Bcontexts%5D%5B0%5D=searchReact&_iepl%5BviewId%5D=IDlNl4Vyl3nQ7giYvShhPkj1dMkru0GibMJ3&_iepl%5BsearchType%5D=publication&_iepl%5Bdata%5D%5BcountMoreThan20%5D=1&_iepl%5Bdata%5D%5BinteractedWithPosition6%5D=1&_iepl%5Bdata%5D%5BwithoutEnrichment%5D=1&_iepl%5Bposition%5D=6&_iepl%5BrgKey%5D=PB%3A271716131&_iepl%5BtargetEntityId%5D=PB%3A271716131&_iepl%5BinteractionType%5D=publicationCTA
12/02/2018,Affect Intensity Estimation Using Multiple Modalities,Amol Patwardhan,2016-07-05T00:03:17Z,-,,,arXiv,http://arxiv.org/abs/1607.01075v1
12/02/2018,"Mining Valence, Arousal, and Dominance - Possibilities for Detecting
  Burnout and Productivity?",Mika Mäntylä,2016-03-14T14:50:39Z,-,,,arXiv,http://arxiv.org/abs/1603.04287v1
