Searched,Title,Authors,Published,Type,Include?,Exclusion code,Database,Source
12/02/2018,Decoupling Light Reflex from Pupillary Dilation to Measure Emotional Arousal in Videos,Pallavi Raiturkar,Jul 2016,Poster,,,ResearchGate,https://www.researchgate.net/publication/304039018_Decoupling_Light_Reflex_from_Pupillary_Dilation_to_Measure_Emotional_Arousal_in_Videos?_iepl%5BgeneralViewId%5D=YQZWEQPe4YAuAN1ntHw4KLcXcJGRwZ1Eztzq&_iepl%5Bcontexts%5D%5B0%5D=searchReact&_iepl%5BviewId%5D=IDlNl4Vyl3nQ7giYvShhPkj1dMkru0GibMJ3&_iepl%5BsearchType%5D=publication&_iepl%5Bdata%5D%5BcountMoreThan20%5D=1&_iepl%5Bdata%5D%5BinteractedWithPosition1%5D=1&_iepl%5Bdata%5D%5BwithEnrichment%5D=1&_iepl%5Bposition%5D=1&_iepl%5BrgKey%5D=PB%3A304039018&_iepl%5BtargetEntityId%5D=PB%3A304039018&_iepl%5BinteractionType%5D=publicationCTA
12/02/2018,Music Emotion Maps in the Arousal-Valence Space,Jacek Grekow,Jan 2018,Chapter,,,ResearchGate,https://www.researchgate.net/publication/320864327_Music_Emotion_Maps_in_the_Arousal-Valence_Space?_iepl%5BgeneralViewId%5D=YQZWEQPe4YAuAN1ntHw4KLcXcJGRwZ1Eztzq&_iepl%5Bcontexts%5D%5B0%5D=searchReact&_iepl%5BviewId%5D=IDlNl4Vyl3nQ7giYvShhPkj1dMkru0GibMJ3&_iepl%5BsearchType%5D=publication&_iepl%5Bdata%5D%5BcountMoreThan20%5D=1&_iepl%5Bdata%5D%5BinteractedWithPosition2%5D=1&_iepl%5Bdata%5D%5BwithoutEnrichment%5D=1&_iepl%5Bposition%5D=2&_iepl%5BrgKey%5D=PB%3A320864327&_iepl%5BtargetEntityId%5D=PB%3A320864327&_iepl%5BinteractionType%5D=publicationCTA
12/02/2018,EEG variables as measures of arousal during propofol anaesthesia for general surgery in children: Rational selection and age dependence,Christian Jeleazcov,Dec 2007,Article,,,ResearchGate,https://www.researchgate.net/publication/5881507_EEG_variables_as_measures_of_arousal_during_propofol_anaesthesia_for_general_surgery_in_children_Rational_selection_and_age_dependence?_iepl%5BgeneralViewId%5D=YQZWEQPe4YAuAN1ntHw4KLcXcJGRwZ1Eztzq&_iepl%5Bcontexts%5D%5B0%5D=searchReact&_iepl%5BviewId%5D=IDlNl4Vyl3nQ7giYvShhPkj1dMkru0GibMJ3&_iepl%5BsearchType%5D=publication&_iepl%5Bdata%5D%5BcountMoreThan20%5D=1&_iepl%5Bdata%5D%5BinteractedWithPosition3%5D=1&_iepl%5Bdata%5D%5BwithoutEnrichment%5D=1&_iepl%5Bposition%5D=3&_iepl%5BrgKey%5D=PB%3A5881507&_iepl%5BtargetEntityId%5D=PB%3A5881507&_iepl%5BinteractionType%5D=publicationCTA
12/02/2018,Resting heart rate: A physiological predicator of lie detection ability,Geoffrey Duran,Jan 2018,Article,,,ResearchGate,https://www.researchgate.net/publication/322239562_Resting_heart_rate_A_physiological_predicator_of_lie_detection_ability?_iepl%5BgeneralViewId%5D=YQZWEQPe4YAuAN1ntHw4KLcXcJGRwZ1Eztzq&_iepl%5Bcontexts%5D%5B0%5D=searchReact&_iepl%5BviewId%5D=IDlNl4Vyl3nQ7giYvShhPkj1dMkru0GibMJ3&_iepl%5BsearchType%5D=publication&_iepl%5Bdata%5D%5BcountMoreThan20%5D=1&_iepl%5Bdata%5D%5BinteractedWithPosition4%5D=1&_iepl%5Bdata%5D%5BwithoutEnrichment%5D=1&_iepl%5Bposition%5D=4&_iepl%5BrgKey%5D=PB%3A322239562&_iepl%5BtargetEntityId%5D=PB%3A322239562&_iepl%5BinteractionType%5D=publicationCTA
12/02/2018,Proposal of a Method to Predict Subjective Rating on Drowsiness Using Physiological and Behavioral Measures,Atsuo Murata,Mar 2016,Article,,,ResearchGate,https://www.researchgate.net/publication/298796005_Proposal_of_a_Method_to_Predict_Subjective_Rating_on_Drowsiness_Using_Physiological_and_Behavioral_Measures?_iepl%5BgeneralViewId%5D=YQZWEQPe4YAuAN1ntHw4KLcXcJGRwZ1Eztzq&_iepl%5Bcontexts%5D%5B0%5D=searchReact&_iepl%5BviewId%5D=IDlNl4Vyl3nQ7giYvShhPkj1dMkru0GibMJ3&_iepl%5BsearchType%5D=publication&_iepl%5Bdata%5D%5BcountMoreThan20%5D=1&_iepl%5Bdata%5D%5BinteractedWithPosition5%5D=1&_iepl%5Bdata%5D%5BwithoutEnrichment%5D=1&_iepl%5Bposition%5D=5&_iepl%5BrgKey%5D=PB%3A298796005&_iepl%5BtargetEntityId%5D=PB%3A298796005&_iepl%5BinteractionType%5D=publicationCTA
12/02/2018,Measuring “Spidey Sense” in a Threat Detection Task,Vladimir Zotov,Sep 2011,Article,,,ResearchGate,https://www.researchgate.net/publication/271716131_Measuring_Spidey_Sense_in_a_Threat_Detection_Task?_iepl%5BgeneralViewId%5D=YQZWEQPe4YAuAN1ntHw4KLcXcJGRwZ1Eztzq&_iepl%5Bcontexts%5D%5B0%5D=searchReact&_iepl%5BviewId%5D=IDlNl4Vyl3nQ7giYvShhPkj1dMkru0GibMJ3&_iepl%5BsearchType%5D=publication&_iepl%5Bdata%5D%5BcountMoreThan20%5D=1&_iepl%5Bdata%5D%5BinteractedWithPosition6%5D=1&_iepl%5Bdata%5D%5BwithoutEnrichment%5D=1&_iepl%5Bposition%5D=6&_iepl%5BrgKey%5D=PB%3A271716131&_iepl%5BtargetEntityId%5D=PB%3A271716131&_iepl%5BinteractionType%5D=publicationCTA
12/02/2018,Unraveling the roles of orienting and inhibition in the Concealed Information Test,Nathalie klein Selle,Feb 2017,Article,,,ResearchGate,https://www.researchgate.net/publication/313250743_Unraveling_the_roles_of_orienting_and_inhibition_in_the_Concealed_Information_Test?_iepl%5BgeneralViewId%5D=YQZWEQPe4YAuAN1ntHw4KLcXcJGRwZ1Eztzq&_iepl%5Bcontexts%5D%5B0%5D=searchReact&_iepl%5BviewId%5D=IDlNl4Vyl3nQ7giYvShhPkj1dMkru0GibMJ3&_iepl%5BsearchType%5D=publication&_iepl%5Bdata%5D%5BcountMoreThan20%5D=1&_iepl%5Bdata%5D%5BinteractedWithPosition7%5D=1&_iepl%5Bdata%5D%5BwithEnrichment%5D=1&_iepl%5Bposition%5D=7&_iepl%5BrgKey%5D=PB%3A313250743&_iepl%5BtargetEntityId%5D=PB%3A313250743&_iepl%5BinteractionType%5D=publicationCTA
12/02/2018,"Altered interoceptive awareness in anorexia nervosa: Effects of meal anticipation, consumption and bodily arousal",Sahib S Khalsa,Feb 2015,Article,,,ResearchGate,https://www.researchgate.net/publication/272754437_Altered_interoceptive_awareness_in_anorexia_nervosa_Effects_of_meal_anticipation_consumption_and_bodily_arousal?_iepl%5BgeneralViewId%5D=YQZWEQPe4YAuAN1ntHw4KLcXcJGRwZ1Eztzq&_iepl%5Bcontexts%5D%5B0%5D=searchReact&_iepl%5BviewId%5D=IDlNl4Vyl3nQ7giYvShhPkj1dMkru0GibMJ3&_iepl%5BsearchType%5D=publication&_iepl%5Bdata%5D%5BcountMoreThan20%5D=1&_iepl%5Bdata%5D%5BinteractedWithPosition8%5D=1&_iepl%5Bdata%5D%5BwithoutEnrichment%5D=1&_iepl%5Bposition%5D=8&_iepl%5BrgKey%5D=PB%3A272754437&_iepl%5BtargetEntityId%5D=PB%3A272754437&_iepl%5BinteractionType%5D=publicationCTA
12/02/2018,Computational Analysis of Valence and Arousal in Virtual Reality Gaming using Lower Arm Electromyograms,Ilia Shumailov,Oct 2017,Conference Paper,,,ResearchGate,https://www.researchgate.net/publication/320065042_Computational_Analysis_of_Valence_and_Arousal_in_Virtual_Reality_Gaming_using_Lower_Arm_Electromyograms?_iepl%5BgeneralViewId%5D=YQZWEQPe4YAuAN1ntHw4KLcXcJGRwZ1Eztzq&_iepl%5Bcontexts%5D%5B0%5D=searchReact&_iepl%5BviewId%5D=IDlNl4Vyl3nQ7giYvShhPkj1dMkru0GibMJ3&_iepl%5BsearchType%5D=publication&_iepl%5Bdata%5D%5BcountMoreThan20%5D=1&_iepl%5Bdata%5D%5BinteractedWithPosition9%5D=1&_iepl%5Bdata%5D%5BwithEnrichment%5D=1&_iepl%5Bposition%5D=9&_iepl%5BrgKey%5D=PB%3A320065042&_iepl%5BtargetEntityId%5D=PB%3A320065042&_iepl%5BinteractionType%5D=publicationCTA
12/02/2018,"The Sensitivity of Event Logs, Self-Administered Questionnaires and Photoplethysmography to Detect Treatment-Induced Changes in Female Sexual Arousal Disorder (FSAD) Diagnosis",Alessandra Rellini,Apr 2006,Article,,,ResearchGate,https://www.researchgate.net/publication/7287242_The_Sensitivity_of_Event_Logs_Self-Administered_Questionnaires_and_Photoplethysmography_to_Detect_Treatment-Induced_Changes_in_Female_Sexual_Arousal_Disorder_FSAD_Diagnosis?_iepl%5BgeneralViewId%5D=YQZWEQPe4YAuAN1ntHw4KLcXcJGRwZ1Eztzq&_iepl%5Bcontexts%5D%5B0%5D=searchReact&_iepl%5BviewId%5D=IDlNl4Vyl3nQ7giYvShhPkj1dMkru0GibMJ3&_iepl%5BsearchType%5D=publication&_iepl%5Bdata%5D%5BcountMoreThan20%5D=1&_iepl%5Bdata%5D%5BinteractedWithPosition10%5D=1&_iepl%5Bdata%5D%5BwithoutEnrichment%5D=1&_iepl%5Bposition%5D=10&_iepl%5BrgKey%5D=PB%3A7287242&_iepl%5BtargetEntityId%5D=PB%3A7287242&_iepl%5BinteractionType%5D=publicationCTA
12/02/2018,Modelling of polysomnographic respiratory measurements for artefact detection and signal restoration,Suren I Rathnayake,Sep 2008,Article,,,ResearchGate,https://www.researchgate.net/publication/43508151_Modelling_of_polysomnographic_respiratory_measurements_for_artefact_detection_and_signal_restoration?_iepl%5BgeneralViewId%5D=YQZWEQPe4YAuAN1ntHw4KLcXcJGRwZ1Eztzq&_iepl%5Bcontexts%5D%5B0%5D=searchReact&_iepl%5BviewId%5D=IDlNl4Vyl3nQ7giYvShhPkj1dMkru0GibMJ3&_iepl%5BsearchType%5D=publication&_iepl%5Bdata%5D%5BcountMoreThan20%5D=1&_iepl%5Bdata%5D%5BinteractedWithPosition11%5D=1&_iepl%5Bdata%5D%5BwithoutEnrichment%5D=1&_iepl%5Bposition%5D=11&_iepl%5BrgKey%5D=PB%3A43508151&_iepl%5BtargetEntityId%5D=PB%3A43508151&_iepl%5BinteractionType%5D=publicationCTA
12/02/2018,Predicting the Three Major Dimensions of the Learner's Emotions from Brainwaves,Alicia Heraz,Jan 2007,Article,,,ResearchGate,https://www.researchgate.net/publication/242379080_Predicting_the_Three_Major_Dimensions_of_the_Learner%27s_Emotions_from_Brainwaves?_iepl%5BgeneralViewId%5D=YQZWEQPe4YAuAN1ntHw4KLcXcJGRwZ1Eztzq&_iepl%5Bcontexts%5D%5B0%5D=searchReact&_iepl%5BviewId%5D=IDlNl4Vyl3nQ7giYvShhPkj1dMkru0GibMJ3&_iepl%5BsearchType%5D=publication&_iepl%5Bdata%5D%5BcountMoreThan20%5D=1&_iepl%5Bdata%5D%5BinteractedWithPosition12%5D=1&_iepl%5Bdata%5D%5BwithoutEnrichment%5D=1&_iepl%5Bposition%5D=12&_iepl%5BrgKey%5D=PB%3A242379080&_iepl%5BtargetEntityId%5D=PB%3A242379080&_iepl%5BinteractionType%5D=publicationCTA
12/02/2018,"Hot chicks, cold feet",Randi Oppermann Moe,May 2017,Article,,,ResearchGate,https://www.researchgate.net/publication/317077856_Hot_chicks_cold_feet?_iepl%5BgeneralViewId%5D=YQZWEQPe4YAuAN1ntHw4KLcXcJGRwZ1Eztzq&_iepl%5Bcontexts%5D%5B0%5D=searchReact&_iepl%5BviewId%5D=IDlNl4Vyl3nQ7giYvShhPkj1dMkru0GibMJ3&_iepl%5BsearchType%5D=publication&_iepl%5Bdata%5D%5BcountMoreThan20%5D=1&_iepl%5Bdata%5D%5BinteractedWithPosition13%5D=1&_iepl%5Bdata%5D%5BwithoutEnrichment%5D=1&_iepl%5Bposition%5D=13&_iepl%5BrgKey%5D=PB%3A317077856&_iepl%5BtargetEntityId%5D=PB%3A317077856&_iepl%5BinteractionType%5D=publicationCTA
12/02/2018,Extraction of Body Movement Characteristics during Sleep by Measuring at Different Body Sites,M. Kato,Jan 2014,Article,,,ResearchGate,https://www.researchgate.net/publication/288636889_Extraction_of_Body_Movement_Characteristics_during_Sleep_by_Measuring_at_Different_Body_Sites?_iepl%5BgeneralViewId%5D=YQZWEQPe4YAuAN1ntHw4KLcXcJGRwZ1Eztzq&_iepl%5Bcontexts%5D%5B0%5D=searchReact&_iepl%5BviewId%5D=IDlNl4Vyl3nQ7giYvShhPkj1dMkru0GibMJ3&_iepl%5BsearchType%5D=publication&_iepl%5Bdata%5D%5BcountMoreThan20%5D=1&_iepl%5Bdata%5D%5BinteractedWithPosition14%5D=1&_iepl%5Bdata%5D%5BwithoutEnrichment%5D=1&_iepl%5Bposition%5D=14&_iepl%5BrgKey%5D=PB%3A288636889&_iepl%5BtargetEntityId%5D=PB%3A288636889&_iepl%5BinteractionType%5D=publicationCTA
12/02/2018,CBE: Corpus-based of emotion for emotion detection in text document,Fika Hastarita Rachman,Jan 2016,Conference Paper,,,ResearchGate,https://www.researchgate.net/publication/315871933_CBE_Corpus-based_of_emotion_for_emotion_detection_in_text_document?_iepl%5BgeneralViewId%5D=YQZWEQPe4YAuAN1ntHw4KLcXcJGRwZ1Eztzq&_iepl%5Bcontexts%5D%5B0%5D=searchReact&_iepl%5BviewId%5D=IDlNl4Vyl3nQ7giYvShhPkj1dMkru0GibMJ3&_iepl%5BsearchType%5D=publication&_iepl%5Bdata%5D%5BcountMoreThan20%5D=1&_iepl%5Bdata%5D%5BinteractedWithPosition15%5D=1&_iepl%5Bdata%5D%5BwithoutEnrichment%5D=1&_iepl%5Bposition%5D=15&_iepl%5BrgKey%5D=PB%3A315871933&_iepl%5BtargetEntityId%5D=PB%3A315871933&_iepl%5BinteractionType%5D=publicationCTA
12/02/2018,"The Subjective Effects of Alcohol Scale�Revisiting Differences in Subjective Response by Gender, Family History, Smoking, and Drinking Status",Meghan E Morean,Jun 2013,Conference Paper,,,ResearchGate,https://www.researchgate.net/publication/241687385_The_Subjective_Effects_of_Alcohol_ScaleRevisiting_Differences_in_Subjective_Response_by_Gender_Family_History_Smoking_and_Drinking_Status?_iepl%5BgeneralViewId%5D=YQZWEQPe4YAuAN1ntHw4KLcXcJGRwZ1Eztzq&_iepl%5Bcontexts%5D%5B0%5D=searchReact&_iepl%5BviewId%5D=IDlNl4Vyl3nQ7giYvShhPkj1dMkru0GibMJ3&_iepl%5BsearchType%5D=publication&_iepl%5Bdata%5D%5BcountMoreThan20%5D=1&_iepl%5Bdata%5D%5BinteractedWithPosition16%5D=1&_iepl%5Bdata%5D%5BwithoutEnrichment%5D=1&_iepl%5Bposition%5D=16&_iepl%5BrgKey%5D=PB%3A241687385&_iepl%5BtargetEntityId%5D=PB%3A241687385&_iepl%5BinteractionType%5D=publicationCTA
12/02/2018,Now see hear! Predictors of extrasensory detection of being seen or heard,David Luke,Sep 2014,Conference Paper,,,ResearchGate,https://www.researchgate.net/publication/278300604_Now_see_hear_Predictors_of_extrasensory_detection_of_being_seen_or_heard?_iepl%5BgeneralViewId%5D=YQZWEQPe4YAuAN1ntHw4KLcXcJGRwZ1Eztzq&_iepl%5Bcontexts%5D%5B0%5D=searchReact&_iepl%5BviewId%5D=IDlNl4Vyl3nQ7giYvShhPkj1dMkru0GibMJ3&_iepl%5BsearchType%5D=publication&_iepl%5Bdata%5D%5BcountMoreThan20%5D=1&_iepl%5Bdata%5D%5BinteractedWithPosition17%5D=1&_iepl%5Bdata%5D%5BwithoutEnrichment%5D=1&_iepl%5Bposition%5D=17&_iepl%5BrgKey%5D=PB%3A278300604&_iepl%5BtargetEntityId%5D=PB%3A278300604&_iepl%5BinteractionType%5D=publicationCTA
12/02/2018,Value-Driven Oculomotor Capture,Brian A Anderson,Aug 2012,Article,,,ResearchGate,https://www.researchgate.net/publication/270630983_Value-Driven_Oculomotor_Capture?_iepl%5BgeneralViewId%5D=YQZWEQPe4YAuAN1ntHw4KLcXcJGRwZ1Eztzq&_iepl%5Bcontexts%5D%5B0%5D=searchReact&_iepl%5BviewId%5D=IDlNl4Vyl3nQ7giYvShhPkj1dMkru0GibMJ3&_iepl%5BsearchType%5D=publication&_iepl%5Bdata%5D%5BcountMoreThan20%5D=1&_iepl%5Bdata%5D%5BinteractedWithPosition18%5D=1&_iepl%5Bdata%5D%5BwithoutEnrichment%5D=1&_iepl%5Bposition%5D=18&_iepl%5BrgKey%5D=PB%3A270630983&_iepl%5BtargetEntityId%5D=PB%3A270630983&_iepl%5BinteractionType%5D=publicationCTA
12/02/2018,Attentional and Affective Processing of Sexual Stimuli in Women with Hypoactive Sexual Desire Disorder,Marieke Brauer,Sep 2011,Article,,,ResearchGate,https://www.researchgate.net/publication/51619067_Attentional_and_Affective_Processing_of_Sexual_Stimuli_in_Women_with_Hypoactive_Sexual_Desire_Disorder?_iepl%5BgeneralViewId%5D=YQZWEQPe4YAuAN1ntHw4KLcXcJGRwZ1Eztzq&_iepl%5Bcontexts%5D%5B0%5D=searchReact&_iepl%5BviewId%5D=IDlNl4Vyl3nQ7giYvShhPkj1dMkru0GibMJ3&_iepl%5BsearchType%5D=publication&_iepl%5Bdata%5D%5BcountMoreThan20%5D=1&_iepl%5Bdata%5D%5BinteractedWithPosition19%5D=1&_iepl%5Bdata%5D%5BwithoutEnrichment%5D=1&_iepl%5Bposition%5D=19&_iepl%5BrgKey%5D=PB%3A51619067&_iepl%5BtargetEntityId%5D=PB%3A51619067&_iepl%5BinteractionType%5D=publicationCTA
12/02/2018,Towards in situ affect detection in mobile devices: A multimodal approach,Mohammad Adibuzzaman,Oct 2013,Conference Paper,,,ResearchGate,https://www.researchgate.net/publication/262233880_Towards_in_situ_affect_detection_in_mobile_devices_A_multimodal_approach?_iepl%5BgeneralViewId%5D=YQZWEQPe4YAuAN1ntHw4KLcXcJGRwZ1Eztzq&_iepl%5Bcontexts%5D%5B0%5D=searchReact&_iepl%5BviewId%5D=IDlNl4Vyl3nQ7giYvShhPkj1dMkru0GibMJ3&_iepl%5BsearchType%5D=publication&_iepl%5Bdata%5D%5BcountMoreThan20%5D=1&_iepl%5Bdata%5D%5BinteractedWithPosition20%5D=1&_iepl%5Bdata%5D%5BwithoutEnrichment%5D=1&_iepl%5Bposition%5D=20&_iepl%5BrgKey%5D=PB%3A262233880&_iepl%5BtargetEntityId%5D=PB%3A262233880&_iepl%5BinteractionType%5D=publicationCTA
12/02/2018,Emotional responses to irony and emoticons in written language: Evidence from EDA and facial EMG,Dominic Thompson,Mar 2016,Article,,,ResearchGate,https://www.researchgate.net/publication/294871280_Emotional_responses_to_irony_and_emoticons_in_written_language_Evidence_from_EDA_and_facial_EMG?_iepl%5BgeneralViewId%5D=YQZWEQPe4YAuAN1ntHw4KLcXcJGRwZ1Eztzq&_iepl%5Bcontexts%5D%5B0%5D=searchReact&_iepl%5BviewId%5D=IDlNl4Vyl3nQ7giYvShhPkj1dMkru0GibMJ3&_iepl%5BsearchType%5D=publication&_iepl%5Bdata%5D%5BcountMoreThan20%5D=1&_iepl%5Bdata%5D%5BinteractedWithPosition20plus%5D=1&_iepl%5Bdata%5D%5BwithoutEnrichment%5D=1&_iepl%5Bposition%5D=21&_iepl%5BrgKey%5D=PB%3A294871280&_iepl%5BtargetEntityId%5D=PB%3A294871280&_iepl%5BinteractionType%5D=publicationCTA
12/02/2018,Towards In Situ Affect Detection in Mobile Devices: A Multimodal Approach,Mohammad Adibuzzaman,Oct 2013,Conference Paper,,,ResearchGate,https://www.researchgate.net/publication/259105619_Towards_In_Situ_Affect_Detection_in_Mobile_Devices_A_Multimodal_Approach?_iepl%5BgeneralViewId%5D=YQZWEQPe4YAuAN1ntHw4KLcXcJGRwZ1Eztzq&_iepl%5Bcontexts%5D%5B0%5D=searchReact&_iepl%5BviewId%5D=IDlNl4Vyl3nQ7giYvShhPkj1dMkru0GibMJ3&_iepl%5BsearchType%5D=publication&_iepl%5Bdata%5D%5BcountMoreThan20%5D=1&_iepl%5Bdata%5D%5BinteractedWithPosition20plus%5D=1&_iepl%5Bdata%5D%5BwithoutEnrichment%5D=1&_iepl%5Bposition%5D=22&_iepl%5BrgKey%5D=PB%3A259105619&_iepl%5BtargetEntityId%5D=PB%3A259105619&_iepl%5BinteractionType%5D=publicationCTA
12/02/2018,"Heraz, A., Frasson, C. ""Predicting the Three Major Dimensions of the Learner's Emotions from Brainwaves"". International Journal of Computer Science, Volume 2, number 3, pp. 187-193, 2008",Claude Frasson,Jan 2008,Data,,,ResearchGate,https://www.researchgate.net/publication/257945846_Heraz_A_Frasson_C_Predicting_the_Three_Major_Dimensions_of_the_Learner%27s_Emotions_from_Brainwaves_International_Journal_of_Computer_Science_Volume_2_number_3_pp_187-193_2008?_iepl%5BgeneralViewId%5D=YQZWEQPe4YAuAN1ntHw4KLcXcJGRwZ1Eztzq&_iepl%5Bcontexts%5D%5B0%5D=searchReact&_iepl%5BviewId%5D=IDlNl4Vyl3nQ7giYvShhPkj1dMkru0GibMJ3&_iepl%5BsearchType%5D=publication&_iepl%5Bdata%5D%5BcountMoreThan20%5D=1&_iepl%5Bdata%5D%5BinteractedWithPosition20plus%5D=1&_iepl%5Bdata%5D%5BwithoutEnrichment%5D=1&_iepl%5Bposition%5D=23&_iepl%5BrgKey%5D=PB%3A257945846&_iepl%5BtargetEntityId%5D=PB%3A257945846&_iepl%5BinteractionType%5D=publicationCTA
12/02/2018,"Target predictability, sustained attention, and response inhibition",Leonie Carter,Mar 2013,Article,,,ResearchGate,https://www.researchgate.net/publication/236055386_Target_predictability_sustained_attention_and_response_inhibition?_iepl%5BgeneralViewId%5D=YQZWEQPe4YAuAN1ntHw4KLcXcJGRwZ1Eztzq&_iepl%5Bcontexts%5D%5B0%5D=searchReact&_iepl%5BviewId%5D=IDlNl4Vyl3nQ7giYvShhPkj1dMkru0GibMJ3&_iepl%5BsearchType%5D=publication&_iepl%5Bdata%5D%5BcountMoreThan20%5D=1&_iepl%5Bdata%5D%5BinteractedWithPosition20plus%5D=1&_iepl%5Bdata%5D%5BwithoutEnrichment%5D=1&_iepl%5Bposition%5D=24&_iepl%5BrgKey%5D=PB%3A236055386&_iepl%5BtargetEntityId%5D=PB%3A236055386&_iepl%5BinteractionType%5D=publicationCTA
12/02/2018,Mobile-based kernel-fuzzy-C-means-wavelet for driver fatigue prediction with cloud computing,Boon-Giin Lee,Nov 2014,Conference Paper,,,ResearchGate,https://www.researchgate.net/publication/286672267_Mobile-based_kernel-fuzzy-C-means-wavelet_for_driver_fatigue_prediction_with_cloud_computing?_iepl%5BgeneralViewId%5D=YQZWEQPe4YAuAN1ntHw4KLcXcJGRwZ1Eztzq&_iepl%5Bcontexts%5D%5B0%5D=searchReact&_iepl%5BviewId%5D=IDlNl4Vyl3nQ7giYvShhPkj1dMkru0GibMJ3&_iepl%5BsearchType%5D=publication&_iepl%5Bdata%5D%5BcountMoreThan20%5D=1&_iepl%5Bdata%5D%5BinteractedWithPosition20plus%5D=1&_iepl%5Bdata%5D%5BwithoutEnrichment%5D=1&_iepl%5Bposition%5D=25&_iepl%5BrgKey%5D=PB%3A286672267&_iepl%5BtargetEntityId%5D=PB%3A286672267&_iepl%5BinteractionType%5D=publicationCTA
12/02/2018,Contactless heart rate variability measurement by IR and 3D depth sensors with respiratory sinus arrhythmia,Kaveh Bakhtiyari,Jun 2017,Article,,,ResearchGate,https://www.researchgate.net/publication/317548511_Contactless_heart_rate_variability_measurement_by_IR_and_3D_depth_sensors_with_respiratory_sinus_arrhythmia?_iepl%5BgeneralViewId%5D=YQZWEQPe4YAuAN1ntHw4KLcXcJGRwZ1Eztzq&_iepl%5Bcontexts%5D%5B0%5D=searchReact&_iepl%5BviewId%5D=IDlNl4Vyl3nQ7giYvShhPkj1dMkru0GibMJ3&_iepl%5BsearchType%5D=publication&_iepl%5Bdata%5D%5BcountMoreThan20%5D=1&_iepl%5Bdata%5D%5BinteractedWithPosition20plus%5D=1&_iepl%5Bdata%5D%5BwithoutEnrichment%5D=1&_iepl%5Bposition%5D=26&_iepl%5BrgKey%5D=PB%3A317548511&_iepl%5BtargetEntityId%5D=PB%3A317548511&_iepl%5BinteractionType%5D=publicationCTA
12/02/2018,The scoring of respiratory events in sleep: Reliability and validity,Susan Redline,Apr 2007,Article,,,ResearchGate,https://www.researchgate.net/publication/6280314_The_scoring_of_respiratory_events_in_sleep_Reliability_and_validity?_iepl%5BgeneralViewId%5D=YQZWEQPe4YAuAN1ntHw4KLcXcJGRwZ1Eztzq&_iepl%5Bcontexts%5D%5B0%5D=searchReact&_iepl%5BviewId%5D=IDlNl4Vyl3nQ7giYvShhPkj1dMkru0GibMJ3&_iepl%5BsearchType%5D=publication&_iepl%5Bdata%5D%5BcountMoreThan20%5D=1&_iepl%5Bdata%5D%5BinteractedWithPosition20plus%5D=1&_iepl%5Bdata%5D%5BwithoutEnrichment%5D=1&_iepl%5Bposition%5D=27&_iepl%5BrgKey%5D=PB%3A6280314&_iepl%5BtargetEntityId%5D=PB%3A6280314&_iepl%5BinteractionType%5D=publicationCTA
12/02/2018,Developing Innovative Ways to Measure and Communicate Autonomic Arousal in Autism Spectrum Disorders,Matthew S. Goodwin,May 2010,Conference Paper,,,ResearchGate,https://www.researchgate.net/publication/268133142_Developing_Innovative_Ways_to_Measure_and_Communicate_Autonomic_Arousal_in_Autism_Spectrum_Disorders?_iepl%5BgeneralViewId%5D=YQZWEQPe4YAuAN1ntHw4KLcXcJGRwZ1Eztzq&_iepl%5Bcontexts%5D%5B0%5D=searchReact&_iepl%5BviewId%5D=IDlNl4Vyl3nQ7giYvShhPkj1dMkru0GibMJ3&_iepl%5BsearchType%5D=publication&_iepl%5Bdata%5D%5BcountMoreThan20%5D=1&_iepl%5Bdata%5D%5BinteractedWithPosition20plus%5D=1&_iepl%5Bdata%5D%5BwithoutEnrichment%5D=1&_iepl%5Bposition%5D=28&_iepl%5BrgKey%5D=PB%3A268133142&_iepl%5BtargetEntityId%5D=PB%3A268133142&_iepl%5BinteractionType%5D=publicationCTA
12/02/2018,Influencing Human Affective Responses to Dynamic Virtual Environments,Mohammadhossein Moghimi,Nov 2016,Article,,,ResearchGate,https://www.researchgate.net/publication/310389994_Influencing_Human_Affective_Responses_to_Dynamic_Virtual_Environments?_iepl%5BgeneralViewId%5D=YQZWEQPe4YAuAN1ntHw4KLcXcJGRwZ1Eztzq&_iepl%5Bcontexts%5D%5B0%5D=searchReact&_iepl%5BviewId%5D=IDlNl4Vyl3nQ7giYvShhPkj1dMkru0GibMJ3&_iepl%5BsearchType%5D=publication&_iepl%5Bdata%5D%5BcountMoreThan20%5D=1&_iepl%5Bdata%5D%5BinteractedWithPosition20plus%5D=1&_iepl%5Bdata%5D%5BwithEnrichment%5D=1&_iepl%5Bposition%5D=29&_iepl%5BrgKey%5D=PB%3A310389994&_iepl%5BtargetEntityId%5D=PB%3A310389994&_iepl%5BinteractionType%5D=publicationCTA
12/02/2018,Dynamics of bloggers’ communities: Bipartite networks from empirical data and agent-based modeling,Marija Mitrovic Dankulov,Nov 2012,Article,,,ResearchGate,https://www.researchgate.net/publication/257218485_Dynamics_of_bloggers%27_communities_Bipartite_networks_from_empirical_data_and_agent-based_modeling?_iepl%5BgeneralViewId%5D=YQZWEQPe4YAuAN1ntHw4KLcXcJGRwZ1Eztzq&_iepl%5Bcontexts%5D%5B0%5D=searchReact&_iepl%5BviewId%5D=IDlNl4Vyl3nQ7giYvShhPkj1dMkru0GibMJ3&_iepl%5BsearchType%5D=publication&_iepl%5Bdata%5D%5BcountMoreThan20%5D=1&_iepl%5Bdata%5D%5BinteractedWithPosition20plus%5D=1&_iepl%5Bdata%5D%5BwithoutEnrichment%5D=1&_iepl%5Bposition%5D=30&_iepl%5BrgKey%5D=PB%3A257218485&_iepl%5BtargetEntityId%5D=PB%3A257218485&_iepl%5BinteractionType%5D=publicationCTA
12/02/2018,HeartRater: Tools for the evaluation of interoceptive dimensions of experience,Cassandra Doris Gould van Praag,Mar 2017,Poster,,,ResearchGate,https://www.researchgate.net/publication/315658122_HeartRater_Tools_for_the_evaluation_of_interoceptive_dimensions_of_experience?_iepl%5BgeneralViewId%5D=YQZWEQPe4YAuAN1ntHw4KLcXcJGRwZ1Eztzq&_iepl%5Bcontexts%5D%5B0%5D=searchReact&_iepl%5BviewId%5D=IDlNl4Vyl3nQ7giYvShhPkj1dMkru0GibMJ3&_iepl%5BsearchType%5D=publication&_iepl%5Bdata%5D%5BcountMoreThan20%5D=1&_iepl%5Bdata%5D%5BinteractedWithPosition20plus%5D=1&_iepl%5Bdata%5D%5BwithEnrichment%5D=1&_iepl%5Bposition%5D=31&_iepl%5BrgKey%5D=PB%3A315658122&_iepl%5BtargetEntityId%5D=PB%3A315658122&_iepl%5BinteractionType%5D=publicationCTA
12/02/2018,Developing an H-index for OSS developers,Andrea Capiluppi,Jun 2012,Article,,,ResearchGate,https://www.researchgate.net/publication/254040773_Developing_an_H-index_for_OSS_developers?_iepl%5BgeneralViewId%5D=YQZWEQPe4YAuAN1ntHw4KLcXcJGRwZ1Eztzq&_iepl%5Bcontexts%5D%5B0%5D=searchReact&_iepl%5BviewId%5D=IDlNl4Vyl3nQ7giYvShhPkj1dMkru0GibMJ3&_iepl%5BsearchType%5D=publication&_iepl%5Bdata%5D%5BcountMoreThan20%5D=1&_iepl%5Bdata%5D%5BinteractedWithPosition20plus%5D=1&_iepl%5Bdata%5D%5BwithEnrichment%5D=1&_iepl%5Bposition%5D=33&_iepl%5BrgKey%5D=PB%3A254040773&_iepl%5BtargetEntityId%5D=PB%3A254040773&_iepl%5BinteractionType%5D=publicationCTA
12/02/2018,Pupil Frequency Tagging: an on-line measure of visual attention,Marnix Naber,Jul 2013,Article,,,ResearchGate,https://www.researchgate.net/publication/274949285_Pupil_Frequency_Tagging_an_on-line_measure_of_visual_attention?_iepl%5BgeneralViewId%5D=YQZWEQPe4YAuAN1ntHw4KLcXcJGRwZ1Eztzq&_iepl%5Bcontexts%5D%5B0%5D=searchReact&_iepl%5BviewId%5D=IDlNl4Vyl3nQ7giYvShhPkj1dMkru0GibMJ3&_iepl%5BsearchType%5D=publication&_iepl%5Bdata%5D%5BcountMoreThan20%5D=1&_iepl%5Bdata%5D%5BinteractedWithPosition20plus%5D=1&_iepl%5Bdata%5D%5BwithoutEnrichment%5D=1&_iepl%5Bposition%5D=34&_iepl%5BrgKey%5D=PB%3A274949285&_iepl%5BtargetEntityId%5D=PB%3A274949285&_iepl%5BinteractionType%5D=publicationCTA
12/02/2018,Continuous non-invasive blood pressure estimation,Josep Solà,Nov 2011,Thesis,,,ResearchGate,https://www.researchgate.net/publication/275037897_Continuous_non-invasive_blood_pressure_estimation?_iepl%5BgeneralViewId%5D=YQZWEQPe4YAuAN1ntHw4KLcXcJGRwZ1Eztzq&_iepl%5Bcontexts%5D%5B0%5D=searchReact&_iepl%5BviewId%5D=IDlNl4Vyl3nQ7giYvShhPkj1dMkru0GibMJ3&_iepl%5BsearchType%5D=publication&_iepl%5Bdata%5D%5BcountMoreThan20%5D=1&_iepl%5Bdata%5D%5BinteractedWithPosition20plus%5D=1&_iepl%5Bdata%5D%5BwithoutEnrichment%5D=1&_iepl%5Bposition%5D=35&_iepl%5BrgKey%5D=PB%3A275037897&_iepl%5BtargetEntityId%5D=PB%3A275037897&_iepl%5BinteractionType%5D=publicationCTA
12/02/2018,Evaluation of Candidate Measures for Home-Based Screening of Sleep Disordered Breathing in Taiwanese Bus Drivers,Hua Ting,May 2014,Article,,,ResearchGate,https://www.researchgate.net/publication/262112138_Evaluation_of_Candidate_Measures_for_Home-Based_Screening_of_Sleep_Disordered_Breathing_in_Taiwanese_Bus_Drivers?_iepl%5BgeneralViewId%5D=YQZWEQPe4YAuAN1ntHw4KLcXcJGRwZ1Eztzq&_iepl%5Bcontexts%5D%5B0%5D=searchReact&_iepl%5BviewId%5D=IDlNl4Vyl3nQ7giYvShhPkj1dMkru0GibMJ3&_iepl%5BsearchType%5D=publication&_iepl%5Bdata%5D%5BcountMoreThan20%5D=1&_iepl%5Bdata%5D%5BinteractedWithPosition20plus%5D=1&_iepl%5Bdata%5D%5BwithoutEnrichment%5D=1&_iepl%5Bposition%5D=36&_iepl%5BrgKey%5D=PB%3A262112138&_iepl%5BtargetEntityId%5D=PB%3A262112138&_iepl%5BinteractionType%5D=publicationCTA
12/02/2018,Affective Haptics: Current Research and Future Directions,Mohamad Eid,Jan 2015,Article,,,ResearchGate,https://www.researchgate.net/publication/283671338_Affective_Haptics_Current_Research_and_Future_Directions?_iepl%5BgeneralViewId%5D=YQZWEQPe4YAuAN1ntHw4KLcXcJGRwZ1Eztzq&_iepl%5Bcontexts%5D%5B0%5D=searchReact&_iepl%5BviewId%5D=IDlNl4Vyl3nQ7giYvShhPkj1dMkru0GibMJ3&_iepl%5BsearchType%5D=publication&_iepl%5Bdata%5D%5BcountMoreThan20%5D=1&_iepl%5Bdata%5D%5BinteractedWithPosition20plus%5D=1&_iepl%5Bdata%5D%5BwithoutEnrichment%5D=1&_iepl%5Bposition%5D=37&_iepl%5BrgKey%5D=PB%3A283671338&_iepl%5BtargetEntityId%5D=PB%3A283671338&_iepl%5BinteractionType%5D=publicationCTA
12/02/2018,Modeling of cognition using EEG: A review and a new approach,Nabaraj Dahal,Nov 2011,Article,,,ResearchGate,https://www.researchgate.net/publication/254045925_Modeling_of_cognition_using_EEG_A_review_and_a_new_approach?_iepl%5BgeneralViewId%5D=YQZWEQPe4YAuAN1ntHw4KLcXcJGRwZ1Eztzq&_iepl%5Bcontexts%5D%5B0%5D=searchReact&_iepl%5BviewId%5D=IDlNl4Vyl3nQ7giYvShhPkj1dMkru0GibMJ3&_iepl%5BsearchType%5D=publication&_iepl%5Bdata%5D%5BcountMoreThan20%5D=1&_iepl%5Bdata%5D%5BinteractedWithPosition20plus%5D=1&_iepl%5Bdata%5D%5BwithoutEnrichment%5D=1&_iepl%5Bposition%5D=38&_iepl%5BrgKey%5D=PB%3A254045925&_iepl%5BtargetEntityId%5D=PB%3A254045925&_iepl%5BinteractionType%5D=publicationCTA
12/02/2018,Midi-level measurement of social anxiety in psychiatric and non-psychiatric samples,Peter M Monti,Feb 1984,Article,,,ResearchGate,https://www.researchgate.net/publication/16678136_Midi-level_measurement_of_social_anxiety_in_psychiatric_and_non-psychiatric_samples?_iepl%5BgeneralViewId%5D=YQZWEQPe4YAuAN1ntHw4KLcXcJGRwZ1Eztzq&_iepl%5Bcontexts%5D%5B0%5D=searchReact&_iepl%5BviewId%5D=IDlNl4Vyl3nQ7giYvShhPkj1dMkru0GibMJ3&_iepl%5BsearchType%5D=publication&_iepl%5Bdata%5D%5BcountMoreThan20%5D=1&_iepl%5Bdata%5D%5BinteractedWithPosition20plus%5D=1&_iepl%5Bdata%5D%5BwithoutEnrichment%5D=1&_iepl%5Bposition%5D=39&_iepl%5BrgKey%5D=PB%3A16678136&_iepl%5BtargetEntityId%5D=PB%3A16678136&_iepl%5BinteractionType%5D=publicationCTA
12/02/2018,Female premature orgasm: Does this exist?,Serafim Armindo Dias de Carvalho,Oct 2011,Article,,,ResearchGate,https://www.researchgate.net/publication/241111486_Female_premature_orgasm_Does_this_exist?_iepl%5BgeneralViewId%5D=YQZWEQPe4YAuAN1ntHw4KLcXcJGRwZ1Eztzq&_iepl%5Bcontexts%5D%5B0%5D=searchReact&_iepl%5BviewId%5D=IDlNl4Vyl3nQ7giYvShhPkj1dMkru0GibMJ3&_iepl%5BsearchType%5D=publication&_iepl%5Bdata%5D%5BcountMoreThan20%5D=1&_iepl%5Bdata%5D%5BinteractedWithPosition20plus%5D=1&_iepl%5Bdata%5D%5BwithoutEnrichment%5D=1&_iepl%5Bposition%5D=40&_iepl%5BrgKey%5D=PB%3A241111486&_iepl%5BtargetEntityId%5D=PB%3A241111486&_iepl%5BinteractionType%5D=publicationCTA
12/02/2018,"Glance, glimpse or stare? The discrimination of gaze duration",R. Cook,Sep 2011,Article,,,ResearchGate,https://www.researchgate.net/publication/274950819_Glance_glimpse_or_stare_The_discrimination_of_gaze_duration?_iepl%5BgeneralViewId%5D=YQZWEQPe4YAuAN1ntHw4KLcXcJGRwZ1Eztzq&_iepl%5Bcontexts%5D%5B0%5D=searchReact&_iepl%5BviewId%5D=IDlNl4Vyl3nQ7giYvShhPkj1dMkru0GibMJ3&_iepl%5BsearchType%5D=publication&_iepl%5Bdata%5D%5BcountMoreThan20%5D=1&_iepl%5Bdata%5D%5BinteractedWithPosition20plus%5D=1&_iepl%5Bdata%5D%5BwithoutEnrichment%5D=1&_iepl%5Bposition%5D=41&_iepl%5BrgKey%5D=PB%3A274950819&_iepl%5BtargetEntityId%5D=PB%3A274950819&_iepl%5BinteractionType%5D=publicationCTA
12/02/2018,"Anxiety Sensitivity, State and Trait Anxiety, and Perception of Change in Sympathetic Nervous System Arousal",Jeffrey C Richards,Jul 2000,Article,,,ResearchGate,https://www.researchgate.net/publication/12280385_Anxiety_Sensitivity_State_and_Trait_Anxiety_and_Perception_of_Change_in_Sympathetic_Nervous_System_Arousal?_iepl%5BgeneralViewId%5D=YQZWEQPe4YAuAN1ntHw4KLcXcJGRwZ1Eztzq&_iepl%5Bcontexts%5D%5B0%5D=searchReact&_iepl%5BviewId%5D=IDlNl4Vyl3nQ7giYvShhPkj1dMkru0GibMJ3&_iepl%5BsearchType%5D=publication&_iepl%5Bdata%5D%5BcountMoreThan20%5D=1&_iepl%5Bdata%5D%5BinteractedWithPosition20plus%5D=1&_iepl%5Bdata%5D%5BwithoutEnrichment%5D=1&_iepl%5Bposition%5D=42&_iepl%5BrgKey%5D=PB%3A12280385&_iepl%5BtargetEntityId%5D=PB%3A12280385&_iepl%5BinteractionType%5D=publicationCTA
12/02/2018,StartleCam: A Cybernetic Wearable Camera,Jennifer Healey,Feb 2003,Article,,,ResearchGate,https://www.researchgate.net/publication/2415659_StartleCam_A_Cybernetic_Wearable_Camera?_iepl%5BgeneralViewId%5D=YQZWEQPe4YAuAN1ntHw4KLcXcJGRwZ1Eztzq&_iepl%5Bcontexts%5D%5B0%5D=searchReact&_iepl%5BviewId%5D=IDlNl4Vyl3nQ7giYvShhPkj1dMkru0GibMJ3&_iepl%5BsearchType%5D=publication&_iepl%5Bdata%5D%5BcountMoreThan20%5D=1&_iepl%5Bdata%5D%5BinteractedWithPosition20plus%5D=1&_iepl%5Bdata%5D%5BwithoutEnrichment%5D=1&_iepl%5Bposition%5D=43&_iepl%5BrgKey%5D=PB%3A2415659&_iepl%5BtargetEntityId%5D=PB%3A2415659&_iepl%5BinteractionType%5D=publicationCTA
12/02/2018,Brief Screening Instrument for Post-Traumatic Stress Disorder,Chris R. Brewin,Sep 2002,Article,,,ResearchGate,https://www.researchgate.net/publication/11232069_Brief_Screening_Instrument_for_Post-Traumatic_Stress_Disorder?_iepl%5BgeneralViewId%5D=YQZWEQPe4YAuAN1ntHw4KLcXcJGRwZ1Eztzq&_iepl%5Bcontexts%5D%5B0%5D=searchReact&_iepl%5BviewId%5D=IDlNl4Vyl3nQ7giYvShhPkj1dMkru0GibMJ3&_iepl%5BsearchType%5D=publication&_iepl%5Bdata%5D%5BcountMoreThan20%5D=1&_iepl%5Bdata%5D%5BinteractedWithPosition20plus%5D=1&_iepl%5Bdata%5D%5BwithoutEnrichment%5D=1&_iepl%5Bposition%5D=44&_iepl%5BrgKey%5D=PB%3A11232069&_iepl%5BtargetEntityId%5D=PB%3A11232069&_iepl%5BinteractionType%5D=publicationCTA
12/02/2018,StartleCam: a cybernetic wearable camera,J. Healey,Nov 1998,Conference Paper,,,ResearchGate,https://www.researchgate.net/publication/3778993_StartleCam_a_cybernetic_wearable_camera?_iepl%5BgeneralViewId%5D=YQZWEQPe4YAuAN1ntHw4KLcXcJGRwZ1Eztzq&_iepl%5Bcontexts%5D%5B0%5D=searchReact&_iepl%5BviewId%5D=IDlNl4Vyl3nQ7giYvShhPkj1dMkru0GibMJ3&_iepl%5BsearchType%5D=publication&_iepl%5Bdata%5D%5BcountMoreThan20%5D=1&_iepl%5Bdata%5D%5BinteractedWithPosition20plus%5D=1&_iepl%5Bdata%5D%5BwithoutEnrichment%5D=1&_iepl%5Bposition%5D=46&_iepl%5BrgKey%5D=PB%3A3778993&_iepl%5BtargetEntityId%5D=PB%3A3778993&_iepl%5BinteractionType%5D=publicationCTA
12/02/2018,Autonomic Responses to Music and Vibroacoustic Therapy in Rett Syndrome,Marith Bergstrom-Isacsson,Jan 2007,Article,,,ResearchGate,https://www.researchgate.net/publication/249063555_Autonomic_Responses_to_Music_and_Vibroacoustic_Therapy_in_Rett_Syndrome?_iepl%5BgeneralViewId%5D=YQZWEQPe4YAuAN1ntHw4KLcXcJGRwZ1Eztzq&_iepl%5Bcontexts%5D%5B0%5D=searchReact&_iepl%5BviewId%5D=IDlNl4Vyl3nQ7giYvShhPkj1dMkru0GibMJ3&_iepl%5BsearchType%5D=publication&_iepl%5Bdata%5D%5BcountMoreThan20%5D=1&_iepl%5Bdata%5D%5BinteractedWithPosition20plus%5D=1&_iepl%5Bdata%5D%5BwithoutEnrichment%5D=1&_iepl%5Bposition%5D=47&_iepl%5BrgKey%5D=PB%3A249063555&_iepl%5BtargetEntityId%5D=PB%3A249063555&_iepl%5BinteractionType%5D=publicationCTA
12/02/2018,The nicotine paradox: Effect of smoking on autonomic discrimination,Thomas W. Lombardo,Feb 1986,Article,,,ResearchGate,https://www.researchgate.net/publication/19421756_The_nicotine_paradox_Effect_of_smoking_on_autonomic_discrimination?_iepl%5BgeneralViewId%5D=YQZWEQPe4YAuAN1ntHw4KLcXcJGRwZ1Eztzq&_iepl%5Bcontexts%5D%5B0%5D=searchReact&_iepl%5BviewId%5D=IDlNl4Vyl3nQ7giYvShhPkj1dMkru0GibMJ3&_iepl%5BsearchType%5D=publication&_iepl%5Bdata%5D%5BcountMoreThan20%5D=1&_iepl%5Bdata%5D%5BinteractedWithPosition20plus%5D=1&_iepl%5Bdata%5D%5BwithoutEnrichment%5D=1&_iepl%5Bposition%5D=48&_iepl%5BrgKey%5D=PB%3A19421756&_iepl%5BtargetEntityId%5D=PB%3A19421756&_iepl%5BinteractionType%5D=publicationCTA
