searched,title,authors,published,database,source
12/02/2018,"Deconstructing arousal into wakeful, autonomic and affective varieties","Bianciardi,Marta, Wager,Tor D., Barrett,Lisa Feldman, Kragel,Philip A., Satpute,Ajay B., ",2018,ScienceDirect,https://api.elsevier.com/content/article/pii/S030439401830048X
12/02/2018,Acoustic Measures of Voice and Physiologic Measures of Autonomic Arousal during Speech as a Function of Cognitive Load,"Stepp,Cara E., Abur,Defne, MacPherson,Megan K., ",2017,ScienceDirect,https://api.elsevier.com/content/article/pii/S0892199716303022
12/02/2018,Exercise-induced arousal affects free-choices to inhibit,"Castiello,Umberto, Paoli,Antonio, Marcolin,Giuseppe, Grigoletto,Davide, Ceccarini,Francesco, Li,Chunting, Dall’Acqua,Tommaso, ",2018,ScienceDirect,https://api.elsevier.com/content/article/pii/S1469029217304478
12/02/2018,AFEW-VA database for valence and arousal estimation in-the-wild,"Pantic,Maja, Todorovic,Sinisa, Tzimiropoulos,Georgios, Kossaifi,Jean, ",2017,ScienceDirect,https://api.elsevier.com/content/article/pii/S0262885617300379
12/02/2018,Relating emotional arousal to work vigour: A dynamic systems perspective,"De Fruyt,Filip, Hofmans,Joeri, Sosnowska,Joanna, ",2017,ScienceDirect,https://api.elsevier.com/content/article/pii/S0191886917304282
12/02/2018,Do mind and body agree? Unconscious versus conscious arousal in product attitude formation,"Noci,Giuliano, Lamberti,Lucio, Bettiga,Debora, ",2017,ScienceDirect,https://api.elsevier.com/content/article/pii/S0148296317300553
12/02/2018,Exploring aesthetic experiences of females: Affect-related traits predict complexity and arousal responses to music and affective pictures,"Leder,Helmut, Marin,Manuela M., ",2018,ScienceDirect,https://api.elsevier.com/content/article/pii/S0191886917307419
12/02/2018,Differences in Perceived and Physiologic Genital Arousal Between Women With and Without Sexual Dysfunction,"Meston,Cindy M., Pulverman,Carey S., Stanton,Amelia M., Handy,Ariel B., ",2018,ScienceDirect,https://api.elsevier.com/content/article/pii/S1743609517316235
12/02/2018,2.17 How Emotional Arousal Enhances Episodic Memory,"Talmi,Deborah, Davidson,Patrick S.R., Hot,Pascal, Ack Baraly,Kylee T., ",2017,ScienceDirect,https://api.elsevier.com/content/article/pii/B9780128093245210511
12/02/2018,I sleep with my Mind's eye open: Cognitive arousal and overgeneralization underpin the misperception of sleep,"Raes,Filip, Boddez,Yannick, Takano,Keisuke, ",2016,ScienceDirect,https://api.elsevier.com/content/article/pii/S0005791616300702
12/02/2018,No arousal-biased competition in focused visuospatial attention,"Nieuwenhuis,Sander, Ásgeirsson,Árni Gunnar, ",2017,ScienceDirect,https://api.elsevier.com/content/article/pii/S0010027717301981
12/02/2018,Brain arousal regulation in adults with attention-deficit/hyperactivity disorder (ADHD),"Hegerl,Ulrich, Stark,Tetyana, Sander,Christian, Mauche,Nicole, Huang,Jue, Paucke,Madlen, Ulke,Christine, Strauß,Maria, ",2018,ScienceDirect,https://api.elsevier.com/content/article/pii/S016517811731644X
12/02/2018,Human Factors Analysis Using Wearable Sensors in the Context of Cognitive and Emotional Arousal,"Kallus,K.W., Wagner,V., Schwarz,M., Pittino,N.M., Paletta,L., ",2015,ScienceDirect,https://api.elsevier.com/content/article/pii/S2351978915008811
12/02/2018,Sexual Arousal and Sexually Explicit Media (SEM): Comparing Patterns of Sexual Arousal to SEM and Sexual Self-Evaluations and Satisfaction Across Gender and Sexual Orientation,"Lange,Theis, Stulhofer,Aleksandar, Hald,Gert Martin, ",2018,ScienceDirect,https://api.elsevier.com/content/article/pii/S2050116117300910
12/02/2018,"From road distraction to safe driving: Evaluating the effects of boredom and gamification on driving behaviour, physiological arousal, and subjective experience","Watling,Christopher N., Schroeter,Ronald, Steinberger,Fabius, ",2017,ScienceDirect,https://api.elsevier.com/content/article/pii/S0747563217303904
12/02/2018,Emotion lies in the eye of the listener: Emotional arousal to novel sounds is reflected in the sympathetic contribution to the pupil dilation response and the P3,"Wetzel,Nicole, Schröger,Erich, Widmann,Andreas, ",2018,ScienceDirect,https://api.elsevier.com/content/article/pii/S0301051118300498
12/02/2018,The role of emotions and physiological arousal in modulating impulsive behaviour,"Duka,Theodora, Critchley,Hugo D., Herman,Aleksandra M., ",2018,ScienceDirect,https://api.elsevier.com/content/article/pii/S0301051118300644
12/02/2018,Emotional valence and arousal affect reading in an interactive way: Neuroimaging evidence for an approach-withdrawal framework,"Ferstl,Evelyn C., Weekes,Brendan S., Critchley,Hugo D., Gray,Marcus A., Citron,Francesca M.M., ",2014,ScienceDirect,https://api.elsevier.com/content/article/pii/S0028393214000062
12/02/2018,Devices and Methods to Measure Female Sexual Arousal,"Kukkonen,Tuuli M., ",2015,ScienceDirect,https://api.elsevier.com/content/article/pii/S2050052115301414
12/02/2018,Interoceptive Awareness Moderates the Relationship Between Perceived and Physiological Genital Arousal in Women,"Meston,Cindy M., Handy,Ariel B., ",2016,ScienceDirect,https://api.elsevier.com/content/article/pii/S1743609516304271
12/02/2018,Effects of valence and arousal on emotional word processing are modulated by concreteness: Behavioral and ERP evidence from a lexical decision task,"Wang,Zhenhong, Guo,Jingjing, Zhu,Xiangru, Wang,Lili, Yu,Deshui, Yao,Zhao, ",2016,ScienceDirect,https://api.elsevier.com/content/article/pii/S0167876016306328
12/02/2018,Effect of sleep deprivation and low arousal on eye movements and spatial attention,"Blankenheim,Andrea, Fimm,Bruno, ",2016,ScienceDirect,https://api.elsevier.com/content/article/pii/S0028393216300926
12/02/2018,"It’s all in the delivery: Effects of context valence, arousal, and concreteness on visual word processing","Kuperman,Victor, Snefjella,Bryor, ",2016,ScienceDirect,https://api.elsevier.com/content/article/pii/S0010027716301792
12/02/2018,Combining machine learning models for the automatic detection of EEG arousals,"Moret-Bonillo,Vicente, Álvarez-Estévez,Diego, Hernández-Pereira,Elena, Fernández-Varela,Isaac, ",2017,ScienceDirect,https://api.elsevier.com/content/article/pii/S0925231217307506
12/02/2018,Dissociation of immediate and delayed effects of emotional arousal on episodic memory,"Sommer,Tobias, Talmi,Deborah, Bayer,Janine, Schümann,Dirk, ",2018,ScienceDirect,https://api.elsevier.com/content/article/pii/S1074742717302150
12/02/2018,"Dual-transmitter systems regulating arousal, attention, learning and memory","Gundlach,Andrew L., Wisden,William, Leonard,Christopher S., Hangya,Balázs, Ma,Sherie, ",2018,ScienceDirect,https://api.elsevier.com/content/article/pii/S0149763417300660
12/02/2018,Efficacy and Safety of On-Demand Use of 2 Treatments Designed for Different Etiologies of Female Sexual Interest/Arousal Disorder: 3 Randomized Clinical Trials,"Pfaus,James G., Böcker,Koen B.E., de Lange,Robert P.J., Höhle,Daniël, Frijlink,Henderik W., Everaerd,Walter, Olivier,Berend, Koppeschaar,Hans P.F., Gerritsen,Jeroen, de Leede,Leo, Derogatis,Leonard R., Kingsberg,Sheryl, Kessels,Rob, van Honk,Jack, Eisenegger,Christoph, Bloemers,Jos, van Rooij,Kim, Tuiten,Adriaan, ",2018,ScienceDirect,https://api.elsevier.com/content/article/pii/S1743609517318519
12/02/2018,High arousal words influence subsequent processing of neutral information: Evidence from event-related potentials,"Pozo,Miguel A., Méndez-Bértolo,Constantino, Hinojosa,José A., ",2012,ScienceDirect,https://api.elsevier.com/content/article/pii/S0167876012001663
12/02/2018,Temperament and arousal systems: A new synthesis of differential psychology and functional neurochemistry,"Robbins,Trevor W., Trofimova,Irina, ",2016,ScienceDirect,https://api.elsevier.com/content/article/pii/S0149763416301324
12/02/2018,"Understanding Women's Subjective Sexual Arousal Within the Laboratory: Definition, Measurement, and Manipulation","Meston,Cindy M., Stanton,Amelia M., Handy,Ariel B., ",2018,ScienceDirect,https://api.elsevier.com/content/article/pii/S2050052117301403
12/02/2018,Low physiological arousal and high impulsivity as predictors of self-injurious thoughts and behaviors among adolescents,"Mezulis,Amy H., Wielgus,Madeline D., Aldrich,Jaclyn T., ",2018,ScienceDirect,https://api.elsevier.com/content/article/pii/S0140197117301811
12/02/2018,Chapter 12 Arousal Regulation in Affective Disorders,"Hensch,Tilman, Sander,Christian, Hegerl,Ulrich, ",2016,ScienceDirect,https://api.elsevier.com/content/article/pii/B9780128024560000121
12/02/2018,Autonomic nervous system reactivity within the valence–arousal affective space: Modulation by sex and age,"Danuser,Brigitta, von Gunten,Armin, Gomez,Patrick, ",2016,ScienceDirect,https://api.elsevier.com/content/article/pii/S0167876016307176
12/02/2018,The Effect of an Impaired Arousal on Short- and Long-Term Mortality of Elderly Patients Admitted to an Acute Geriatric Unit,"Annoni,Giorgio, Mazzola,Paolo, Zazzetta,Sara, Perego,Sabrina, Latronico,Nicola, Morandi,Alessandro, Mazzone,Andrea, Bellelli,Giuseppe, ",2016,ScienceDirect,https://api.elsevier.com/content/article/pii/S1525861015006179
12/02/2018,The influence of action-outcome delay and arousal on sense of agency and the intentional binding effect,"Asama,Hajime, Yamashita,Atsushi, Wen,Wen, ",2015,ScienceDirect,https://api.elsevier.com/content/article/pii/S1053810015001415
12/02/2018,The neurologic control of arousal and orgasm with specific attention to spinal cord lesions: Integrating preclinical and clinical sciences,"Marson,Lesley, Alexander,Marcalee Sipski, ",2018,ScienceDirect,https://api.elsevier.com/content/article/pii/S1566070217300115
12/02/2018,A Relationship Between Operator Performance and Arousal in Assembly,"Thorvald,Peter, Fast-Berglund,Åsa, Mattsson,Sandra, ",2016,ScienceDirect,https://api.elsevier.com/content/article/pii/S221282711600442X
12/02/2018,Brain volume loss contributes to arousal and empathy dysregulation following severe traumatic brain injury,"Piguet,Olivier, Parks,Nicklas, De Blasio,Frances M., Kornfeld,Emma J., Fisher,Alana C., McDonald,Skye, Rushby,Jacqueline A., ",2016,ScienceDirect,https://api.elsevier.com/content/article/pii/S2213158216301759
12/02/2018,Neuronal Activity in Primate Dorsal Anterior Cingulate Cortex Signals Task Conflict and Predicts Adjustments in Pupil-Linked Arousal,"Platt,Michael L., Ebitz,R. Becket, ",2015,ScienceDirect,https://api.elsevier.com/content/article/pii/S0896627314011623
12/02/2018,Physiophenomenology in retrospect: Memory reliably reflects physiological arousal during a prior threatening experience,"Singer,Tania, Bornemann,Boris, Hildebrandt,Lea K., McCall,Cade, ",2015,ScienceDirect,https://api.elsevier.com/content/article/pii/S1053810015300386
12/02/2018,Sexual arousal in men: A review and conceptual analysis,"Janssen,Erick, ",2011,ScienceDirect,https://api.elsevier.com/content/article/pii/S0018506X11000638
12/02/2018,A Genetically Defined Circuit for Arousal from Sleep during Hypercapnia,"Saper,Clifford B., Fuller,Patrick M., Arrigoni,Elda, Wellman,Andrew, Lazarus,Michael, Venner,Anne, Kroeger,Daniel, Thankachan,Stephen, Ferrari,Loris, Wang,Joshua L., Kaur,Satvinder, ",2017,ScienceDirect,https://api.elsevier.com/content/article/pii/S0896627317309777
12/02/2018,Post-learning arousal enhances veridical memory and reduces false memory in the Deese-Roediger-McDermott paradigm,"Correro,Anthony N., Nielson,Kristy A., ",2017,ScienceDirect,https://api.elsevier.com/content/article/pii/S1074742716302660
12/02/2018,Distractibility as a precursor to anxiety: Preexisting attentional control deficits predict subsequent autonomic arousal during anxiety,"Urry,Heather L., Opitz,Philipp C., Birk,Jeffrey L., ",2017,ScienceDirect,https://api.elsevier.com/content/article/pii/S0301051115300946
12/02/2018,"Excitatory orexinergic innervation of rat nucleus incertus – Implications for ascending arousal, motivation and feeding control","Gundlach,Andrew L., Lewandowski,Marian H., Rajfur,Zenon, Kania,Alan, Blasiak,Ewa, Czerw,Anna, Blasiak,Tomasz, Grabowiecka,Agnieszka, Siwiec,Marcin, Blasiak,Anna, ",2015,ScienceDirect,https://api.elsevier.com/content/article/pii/S0028390815300605
12/02/2018,Disruption of the ascending arousal system and cortical attention networks in post-stroke delirium and spatial neglect,"Barrett,A.M., Boukrina,Olga, ",2017,ScienceDirect,https://api.elsevier.com/content/article/pii/S0149763417300556
12/02/2018,"Yawning, acute stressors, and arousal reduction in Nazca booby adults and nestlings","Anderson,David J., Tompkins,Emily M., Grace,Jacquelyn K., Liang,Amy C., ",2015,ScienceDirect,https://api.elsevier.com/content/article/pii/S0031938414005460
12/02/2018,Perceiving emotions in robot body language: Acute stress heightens sensitivity to negativity while attenuating sensitivity to arousal,"Koutstaal,Wilma, Harder,Kathleen A., Thimmesch-Gill,Zane, ",2017,ScienceDirect,https://api.elsevier.com/content/article/pii/S0747563217304065
12/02/2018,Patterns of Anxious Arousal During a Speech Task Between Nonanxious Controls and Individuals With Social Anxiety Disorder Pre- and Posttreatment,"Hayes-Skelton,Sarah A., Wadsworth,Lauren P., Lee,Carol S., ",2017,ScienceDirect,https://api.elsevier.com/content/article/pii/S0005789417300825
12/02/2018,"Distinct cerebellar lobules process arousal, valence and their interaction in parallel following a temporal hierarchy","Papadelis,Christos, Bamidis,Panagiotis D., Ioannides,Andreas A., Styliadis,Charis, ",2015,ScienceDirect,https://api.elsevier.com/content/article/pii/S1053811915000981
12/02/2018,Oxidative stress parameters in two Pelophylax esculentus complex frogs during pre- and post-hibernation: Arousal vs heavy metals,"Saičić,Zorica S., Pavlović,Slađan Z., Radovanović,Tijana B., Gavrilović,Branka R., Despotović,Svetlana G., Gavrić,Jelena P., Mutić,Jelena J., Krizmanić,Imre I., Borković-Mitić,Slavica S., Prokić,Marko D., ",2017,ScienceDirect,https://api.elsevier.com/content/article/pii/S1532045617301370
12/02/2018,Sexual arousal: The correspondence of eyes and genitals,"Savin-Williams,Ritch C., Dharmavaram,Sanjay Muralidharan, Jones-Rounds,James, Merrill,Sarah M., Cash,Brian M., Rieger,Gerulf, ",2015,ScienceDirect,https://api.elsevier.com/content/article/pii/S0301051114002506
12/02/2018,The relation between young children's physiological arousal and their motivation to help others,"Tomasello,Michael, Müller,Katharina, Vaish,Amrisha, Hepach,Robert, ",2017,ScienceDirect,https://api.elsevier.com/content/article/pii/S0028393217303792
12/02/2018,Do drives drive the train of thought?—Effects of hunger and sexual arousal on mind-wandering behavior,"Nied,Laura, Rummel,Jan, ",2017,ScienceDirect,https://api.elsevier.com/content/article/pii/S1053810017302210
12/02/2018,The effect of user experience in online games on word of mouth: A pleasure-arousal-dominance (PAD) model perspective,"Liao,Junyun, Ali,Rizwan, Huang,Minxue, ",2017,ScienceDirect,https://api.elsevier.com/content/article/pii/S0747563217303278
12/02/2018,Emotional arousal and recognition memory are differentially reflected in pupil diameter responses during emotional memory for negative events in younger and older adults,"Düzel,Emrah, Dolan,Ray J., Maaß,Anne, Betts,Matthew J., Hopkins,Alexandra, Hämmerer,Dorothea, ",2017,ScienceDirect,https://api.elsevier.com/content/article/pii/S0197458017302178
12/02/2018,Congruent bodily arousal promotes the constructive recognition of emotional words,"Vermeulen,Nicolas, Grynberg,Delphine, Kever,Anne, ",2017,ScienceDirect,https://api.elsevier.com/content/article/pii/S1053810017301551
12/02/2018,Emotional arousal and entrepreneurial outcomes: Combining qualitative methods to elaborate theory,"Delbridge,Rick, Devereaux Jennings,P., Edwards,Tim, Jennings,Jennifer E., ",2015,ScienceDirect,https://api.elsevier.com/content/article/pii/S0883902614000603
12/02/2018,CNS- and ANS-arousal predict response to antidepressant medication: Findings from the randomized iSPOT-D study,"Arns,Martijn, Hegerl,Ulrich, Gordon,Evian, Gevirtz,Richard, Surova,Galina, Tränkner,Anja, Olbrich,Sebastian, ",2016,ScienceDirect,https://api.elsevier.com/content/article/pii/S0022395615300169
12/02/2018,Positive effect of acute mild exercise on executive function via arousal-related prefrontal activations: An fNIRS study,"Soya,Hideaki, Dan,Ippeita, Kato,Morimasa, Sakairi,Yosuke, Ochi,Genta, Suwabe,Kazuya, Hyodo,Kazuki, Byun,Kyeongho, ",2014,ScienceDirect,https://api.elsevier.com/content/article/pii/S1053811914003474
12/02/2018,Amygdala responses to valence and its interaction by arousal revealed by MEG,"Papadelis,Christos, Bamidis,Panagiotis D., Ioannides,Andreas A., Styliadis,Charalampos, ",2014,ScienceDirect,https://api.elsevier.com/content/article/pii/S0167876013001293
12/02/2018,Capability for suicide interacts with states of heightened arousal to predict death by suicide beyond the effects of depression and hopelessness,"Siegler,Ilene C., Joiner,Thomas, Yen,Shirley, Ribeiro,Jessica D., ",2015,ScienceDirect,https://api.elsevier.com/content/article/pii/S0165032715303633
12/02/2018,How Hot Is He? A Psychophysiological and Psychosocial Examination of the Arousal Patterns of Sexually Functional and Dysfunctional Men,"Binik,Yitzchak M., Amsel,Rhonda, Sarin,Sabina, ",2014,ScienceDirect,https://api.elsevier.com/content/article/pii/S1743609515308274
12/02/2018,The effect of arousal on regulation of negative emotions using cognitive reappraisal: An ERP study,"Surti,Kruti, Langeslag,Sandra J.E., ",2017,ScienceDirect,https://api.elsevier.com/content/article/pii/S0167876017303276
12/02/2018,Relationship between the changes in M1 excitability after motor learning and arousal state as assessed by short-latency afferent inhibition,"Funase,Kozo, Tanaka,Shinya, Kubota,Shinji, Hirano,Masato, Koizume,Yoshiki, ",2017,ScienceDirect,https://api.elsevier.com/content/article/pii/S0166432817305168
12/02/2018,"The role of insomnia, pre-sleep arousal and psychopathology symptoms in daytime impairment in adolescents with high-functioning autism spectrum disorder","Gradisar,Michael, Short,Michelle, Baker,Emma, Richdale,Amanda L., ",2014,ScienceDirect,https://api.elsevier.com/content/article/pii/S1389945714002020
12/02/2018,Debating the Role of Arousal in Delirium Diagnosis: Should Delirium Diagnosis Be Inclusive or Restrictive?,"Rudolph,James L., Flaherty,Joseph H., Oldham,Mark A., ",2017,ScienceDirect,https://api.elsevier.com/content/article/pii/S1525861017301755
12/02/2018,Dorsal Raphe Dopamine Neurons Modulate Arousal and Promote Wakefulness by Salient Stimuli,"Gradinaru,Viviana, Greenbaum,Alon, Bremner,Lindsay R., Xiao,Cheng, Robinson,J. Elliott, Treweek,Jennifer B., Cho,Jounhong Ryan, ",2017,ScienceDirect,https://api.elsevier.com/content/article/pii/S0896627317304580
12/02/2018,Emotion and memory: A recognition advantage for positive and negative words independent of arousal,"Estes,Zachary, Adelman,James S., ",2013,ScienceDirect,https://api.elsevier.com/content/article/pii/S0010027713001716
12/02/2018,Physiological arousal accompanying postural responses to external perturbations after stroke,"Garland,S.J., Ivanova,T.D., Vieira,T.M., Gallina,A., Hunt,M.A., Carpenter,M.G., Pollock,C.L., ",2017,ScienceDirect,https://api.elsevier.com/content/article/pii/S1388245717300962
12/02/2018,Laser Doppler Imaging of Genital Blood Flow: A Direct Measure of Female Sexual Arousal,"Pukall,Caroline F., Waxman,Samantha E., ",2009,ScienceDirect,https://api.elsevier.com/content/article/pii/S174360951532631X
12/02/2018,Abnormal Level of Arousal as a Predictor of Delirium and Inattention: An Exploratory Study,"MacLullich,Alasdair M.J., Hall,Roanna J., McGrath,Aisling, Tieges,Zoë, ",2013,ScienceDirect,https://api.elsevier.com/content/article/pii/S106474811300242X
12/02/2018,Locally weighted linear regression for cross-lingual valence-arousal prediction of affective words,"Zhang,Xuejie, Lai,K. Robert, Yu,Liang-Chih, Wang,Jin, ",2016,ScienceDirect,https://api.elsevier.com/content/article/pii/S0925231216003040
12/02/2018,An examination of the association between chronic sleep restriction and electrocortical arousal in college students,"Schnyer,David M., Matthews,Michael D., Carter,Patricia, Sherman,Stephanie M., Trujillo,Logan T., Witkowski,Sarah, ",2015,ScienceDirect,https://api.elsevier.com/content/article/pii/S1388245714003381
12/02/2018,What are the influences of orthogonally-manipulated valence and arousal on performance monitoring processes? The effects of affective state,"Kirwan,C. Brock, Jones,Rochelle, Clayson,Peter E., Gray,Alexander C., Larson,Michael J., ",2013,ScienceDirect,https://api.elsevier.com/content/article/pii/S0167876013000202
12/02/2018,Exploring Delirium's Heterogeneity: Association Between Arousal Subtypes at Initial Presentation and 6-Month Mortality in Older Emergency Department Patients,"Ely,E. Wesley, Schnelle,John F., Dittus,Robert S., Carlo,Maria E., Girard,Timothy D., Vasilevskis,Eduard E., Liu,Xulei, Wilson,Jo Ellen, Chandrasekhar,Rameela, Brummel,Nathan E., Han,Jin H., ",2017,ScienceDirect,https://api.elsevier.com/content/article/pii/S1064748116301385
12/02/2018,Quantifying mental arousal levels in daily living using additional heart rate,"Sun,Mingui, Liu,Guangyuan, Jia,Wenyan, Yang,Zhaofang, ",2017,ScienceDirect,https://api.elsevier.com/content/article/pii/S1746809416301811
12/02/2018,Arousals,"Berry,R.B., ",2013,ScienceDirect,https://api.elsevier.com/content/article/pii/B9780123786104003053
12/02/2018,"Reactions to bullying and peer victimization: Narratives, physiological arousal, and personality","Milich,Richard, Harris,Monica J., Bollmer,Julie M., ",2006,ScienceDirect,https://api.elsevier.com/content/article/pii/S0092656605000619
12/02/2018,Effects of noise on arousal in a speech communication setting,"Kohlrausch,Armin, Janse,Kees, Kechichian,Patrick, Cvijanović,Nemanja, ",2017,ScienceDirect,https://api.elsevier.com/content/article/pii/S0167639316301789
12/02/2018,Modeling valuation and core affect in a cognitive architecture: The impact of valence and arousal on memory and decision-making,"Hough,Alexander, Larue,Othalia, Juvina,Ion, ",2018,ScienceDirect,https://api.elsevier.com/content/article/pii/S1389041716302170
12/02/2018,Automatic artifacts and arousals detection in whole-night sleep EEG recordings,"Phillips,Christophe, Maquet,Pierre, Vandewalle,Gilles, Meyer,Christelle, Chellappa,Sarah L., Jaspar,Mathieu, Gaggioni,Giulia, Muto,Vincenzo, ’t Wallant,Dorothée Coppieters, ",2016,ScienceDirect,https://api.elsevier.com/content/article/pii/S0165027015003994
12/02/2018,Sliding-window analysis tracks fluctuations in amygdala functional connectivity associated with physiological arousal and vigilance during fear conditioning,"Veer,Ilya M., Erk,Susanne, Walter,Henrik, Johnstone,Tom, Baczkowski,Blazej M., ",2017,ScienceDirect,https://api.elsevier.com/content/article/pii/S1053811917302306
12/02/2018,Phasic valence and arousal do not influence post-conflict adjustments in the Simon task,"Eder,Andreas B., Janczyk,Markus, Dignath,David, ",2017,ScienceDirect,https://api.elsevier.com/content/article/pii/S0001691816302499
12/02/2018,"Affiliative interpersonal behaviors during stress are associated with sleep quality and presleep arousal in young, healthy adults","Williams,Paula G., Troxel,Wendy M., Cribbet,Matthew R., Rau,Holly K., Mackaronis,Julia E., Critchfield,Kenneth L., Gunn,Heather E., ",2017,ScienceDirect,https://api.elsevier.com/content/article/pii/S2352721816301395
12/02/2018,"Sleep-related cognitive processes, arousal, and emotion dysregulation in insomnia disorder: the role of insomnia-specific rumination","Carney,Colleen, Dell'Osso,Liliana, Moretto,Umberto, Palagini,Laura, ",2017,ScienceDirect,https://api.elsevier.com/content/article/pii/S1389945716302738
12/02/2018,Psychophysiological Assessment in Premenopausal Sexual Arousal Disorder,"Gorzalka,Boris B., Basson,Rosemary, Brotto,Lori A., ",2004,ScienceDirect,https://api.elsevier.com/content/article/pii/S1743609515310717
12/02/2018,Valence and arousal of emotional stimuli impact cognitive-motor performance in an oddball task,"Li,Hong, Zhou,Chenglin, Hatfield,Bradley D., Jaquess,Kyle J., Lu,Yingzhi, ",2017,ScienceDirect,https://api.elsevier.com/content/article/pii/S0301051117300467
12/02/2018,Noradrenergic mechanisms of arousal’s bidirectional effects on episodic memory,"Mather,Mara, Petzinger,Giselle, Nielsen,Shawn, Sakaki,Michiko, Clewett,David, ",2017,ScienceDirect,https://api.elsevier.com/content/article/pii/S1074742716302933
12/02/2018,Emotional arousal state influences the ability of amygdalar endocannabinoid signaling to modulate anxiety,"Hill,Matthew N., Campolongo,Patrizia, Gray,J. Megan, Vecchiarelli,Haley A., Leitl,Kira D., Morena,Maria, ",2016,ScienceDirect,https://api.elsevier.com/content/article/pii/S0028390816303550
12/02/2018,How fleeting emotions affect hazard perception and steering while driving: The impact of image arousal and valence,"Enns,James T., Brandigampola,Seneca, Trick,Lana M., ",2012,ScienceDirect,https://api.elsevier.com/content/article/pii/S0001457511001916
12/02/2018,Modifiable Arousal in Attention-Deficit/Hyperactivity Disorder and Its Etiological Association With Fluctuating Reaction Times,"Kuntsi,Jonna, Asherson,Philip, Rijsdijk,Fruhling, Cheung,Celeste H.M., James,Sarah-Naomi, ",2016,ScienceDirect,https://api.elsevier.com/content/article/pii/S2451902216300684
12/02/2018,Neural modulation of directed forgetting by valence and arousal: An event-related potential study,"Dyson,Benjamin J., Gallant,Sara N., ",2016,ScienceDirect,https://api.elsevier.com/content/article/pii/S0006899316305443
12/02/2018,All alone with sweaty palms — Physiological arousal and ostracism,"Rushby,Jacqueline, McDonald,Skye, Kelly,Michelle, ",2012,ScienceDirect,https://api.elsevier.com/content/article/pii/S0167876011003552
12/02/2018,Predator stress-induced persistent emotional arousal is associated with alterations of plasma corticosterone and hippocampal steroid receptors in rat,"Wang,Weiwen, Wu,Yuxian, Lin,Hang, Wang,Jun, Yu,Ke, Wang,Qingsong, ",2012,ScienceDirect,https://api.elsevier.com/content/article/pii/S0166432812000885
12/02/2018,Affect intensity and softness tactile preferences: An experimental approach to arousal regulation,"Meyer,T., Beetschen,M.A., Diaz,E., Faye,P., Nicod,H., Giboreau,A., Kergoat,M., ",2016,ScienceDirect,https://api.elsevier.com/content/article/pii/S0950329316300775
12/02/2018,Executive functioning and diabetes: The role of anxious arousal and inflammation,"Fagundes,Christopher P., Heijnen,Cobi J., Duke,Danny C., Lacourt,Tamara E., LeRoy,Angie S., Murdock,Kyle W., ",2016,ScienceDirect,https://api.elsevier.com/content/article/pii/S0306453016301342
12/02/2018,"Persistent Genital Arousal Disorder: A Review of Its Conceptualizations, Potential Origins, Impact, and Treatment","Pukall,Caroline F., Gordon,Allan, Pink,Leah, Jackowich,Robyn A., ",2016,ScienceDirect,https://api.elsevier.com/content/article/pii/S2050052116300245
12/02/2018,Trait- and pre-sleep-state-dependent arousal in insomnia disorders: what role may sleep reactivity and sleep-related metacognitions play? A pilot study,"Drake,Christopher L., Riemann,Dieter, Dell'Osso,Liliana, Mauri,Mauro, Palagini,Laura, ",2016,ScienceDirect,https://api.elsevier.com/content/article/pii/S138994571630137X
12/02/2018,Autonomic arousal in adults who stutter prior to various reading tasks intended to elicit changes in stuttering frequency,"Kalinowski,Joseph, Saltuklaroglu,Tim, Bowers,Andrew, ",2012,ScienceDirect,https://api.elsevier.com/content/article/pii/S0167876011002960
12/02/2018,Generalized CNS arousal: An elementary force within the vertebrate nervous system,"Pfaff,D., Banavar,J.R., Maritan,A., Kilinc,M., Calderon,D.P., ",2016,ScienceDirect,https://api.elsevier.com/content/article/pii/S0149763415303560
12/02/2018,The impact of stimulus arousal level on emotion regulation effectiveness in borderline personality disorder,"Kuo,Janice R., Fitzpatrick,Skye, ",2016,ScienceDirect,https://api.elsevier.com/content/article/pii/S0165178115302249
12/02/2018,Progressive changes in cortical state before and after spontaneous arousals from sleep in elderly and middle-aged women,"Hayes,D., Ramanand,P., Bruce,M.C., Bruce,E.N., ",2011,ScienceDirect,https://api.elsevier.com/content/article/pii/S0306452210015277
12/02/2018,Event-related brain potential correlates of words’ emotional valence irrespective of arousal and type of task,"Martín-Loeches,Manuel, Hernández-Gutiérrez,David, Muñoz,Francisco, Fondevila,Sabela, Casado,Pilar, Jiménez-Ortega,Laura, Espuny,Javier, ",2018,ScienceDirect,https://api.elsevier.com/content/article/pii/S0304394018300624
12/02/2018,ORIGINAL RESEARCH—PHYSIOLOGY: Thermography as a Physiological Measure of Sexual Arousal in Both Men and Women,"Carrier,Serge, Amsel,Rhonda, Binik,Yitzchak M., Kukkonen,Tuuli M., ",2007,ScienceDirect,https://api.elsevier.com/content/article/pii/S1743609515314995
12/02/2018,Peripheral Female Genital Arousal as Assessed by Thermography Following Topical Genital Application of Alprostadil vs Placebo Arousal Gel: A Proof-of-Principle Study Without Visual Sexual Stimulation,"Goldstein,Irwin, Gagnon,Catherine, Gonzalez,Joshua R., Goldstein,Sue W., ",2016,ScienceDirect,https://api.elsevier.com/content/article/pii/S2050116116000581
12/02/2018,Non-image forming effects of illuminance level: Exploring parallel effects on physiological arousal and task performance,"de Kort,Yvonne A.W., Smolders,Karin C.H.J., Huiberts,Laura M., ",2016,ScienceDirect,https://api.elsevier.com/content/article/pii/S003193841630289X
12/02/2018,"Beyond the lab: Investigating early adolescents' cognitive, emotional, and arousal responses to violent games","Valkenburg,Patti M., Piotrowski,Jessica Taylor, Fikkers,Karin M., ",2016,ScienceDirect,https://api.elsevier.com/content/article/pii/S0747563216301078
12/02/2018,Emotional arousal regulation of memory consolidation,"McGaugh,James L, ",2018,ScienceDirect,https://api.elsevier.com/content/article/pii/S2352154617301638
12/02/2018,Approaches to the assessment of arousals and sleep disturbance in children,"Chervin,Ronald D., Paruthi,Shalini, ",2010,ScienceDirect,https://api.elsevier.com/content/article/pii/S1389945710002212
12/02/2018,The structure and intensity of self-reported autonomic arousal symptoms across anxiety disorders and obsessive-compulsive disorder,"Brakoulias,Vlasios, Viswasam,Kirupamani, Skepper,Brian, Dale,Erin, Hannan,Anthony, Milicevic,Denise, Starcevic,Vladan, Berle,David, ",2016,ScienceDirect,https://api.elsevier.com/content/article/pii/S0165032715314208
12/02/2018,"Nucleus incertus—An emerging modulatory role in arousal, stress and memory","Gundlach,Andrew L., Olucha-Bordonau,Francisco E., Ma,Sherie, Ryan,Philip J., ",2011,ScienceDirect,https://api.elsevier.com/content/article/pii/S0149763411000236
12/02/2018,Transient decoupling of cortical EEGs following arousals during NREM sleep in middle-aged and elderly women,"Bruce,Eugene N., Bruce,Margaret C., Ramanand,Pravitha, ",2010,ScienceDirect,https://api.elsevier.com/content/article/pii/S0167876010001170
12/02/2018,"ORIGINAL RESEARCH—OUTCOMES RESEARCH: The Sensitivity of Event Logs, Self‐Administered Questionnaires and Photoplethysmography to Detect Treatment‐Induced Changes in Female Sexual Arousal Disorder (FSAD) Diagnosis","Meston,Cindy, Rellini,Alessandra, ",2006,ScienceDirect,https://api.elsevier.com/content/article/pii/S1743609515313187
12/02/2018,Sensitivity of primary phasic heart rate deceleration to stimulus repetition in an habituation procedure: influence of a subjective measure of activation/arousal on the evoked cardiac response,"Kaiser,Jan, Barry,Robert J., Binder,Marek, ",2005,ScienceDirect,https://api.elsevier.com/content/article/pii/S0167876004001382
12/02/2018,Curvature manipulation of the spectrum of Valence-Arousal-related fMRI dataset using Gaussian-shaped Fast Fourier Transform and its application to fuzzy KANSEI adjectives modeling,"Shi,Fuqian, McCauley,Pamela, Balas,Valentina E., Cao,Luyin, He,Ting, ",2016,ScienceDirect,https://api.elsevier.com/content/article/pii/S0925231215014848
12/02/2018,The effect of exercise-induced arousal on cognitive task performance: A meta-regression analysis,"Tomporowski,Phillip, Lambourne,Kate, ",2010,ScienceDirect,https://api.elsevier.com/content/article/pii/S0006899310007547
12/02/2018,Abnormal Repolarization Duration during Everyday Emotional Arousal in Long QT Syndrome and Coronary Artery Disease,"Zareba,Wojciech, Moss,Arthur J., Couderc,Jean Philippe, Kern,Karl B., Hsu,Chiu-Hsieh, Reis,Harry T., Lane,Richard D., ",2018,ScienceDirect,https://api.elsevier.com/content/article/pii/S0002934318300056
12/02/2018,"Personality, arousal theory and the relationship to cognitive ability as measured by inspection time and IQ","Martin,Nicholas G, Wright,Margaret J, Leisser,Romana, Luciano,Michelle, ",2004,ScienceDirect,https://api.elsevier.com/content/article/pii/S0191886903004446
12/02/2018,Women's Sexual Desire and Arousal Disorders,"Luria,Mijal, Leiblum,Sandra, Laan,Ellen, Bitzer,Johannes, Brotto,Lori A., ",2010,ScienceDirect,https://api.elsevier.com/content/article/pii/S1743609515328666
12/02/2018,"Evaluating the cognitive avoidance model of generalised anxiety disorder: Impact of worry on threat appraisal, perceived control and anxious arousal","Rapee,Ronald M., Abbott,Maree J., Stapinski,Lexine A., ",2010,ScienceDirect,https://api.elsevier.com/content/article/pii/S0005796710001488
12/02/2018,Prenatal cocaine exposure alters emotional arousal regulation and its effects on working memory,"Hu,Xiaoping, LaConte,Stephen, Peltier,Scott, Hamann,Stephan, Lynch,Mary Ellen, Coles,Claire D., Li,Zhihao, ",2009,ScienceDirect,https://api.elsevier.com/content/article/pii/S0892036209001512
12/02/2018,"Fight fire with rainbows: The effects of displayed violence, difficulty, and performance in digital games on affect, aggression, and physiological arousal","Knapp,Florian, Elson,Malte, Kneer,Julia, ",2016,ScienceDirect,https://api.elsevier.com/content/article/pii/S0747563215300455
12/02/2018,Experimental Framework for Simulators to Study Driver Cognitive Distraction: Brake Reaction Time in Different Levels of Arousal,"Fiorentino,Anita, Squitieri,Rolando, Brandimonte,Maria Antonella, d’Amore,Matteo, Sena,Pasquale, ",2016,ScienceDirect,https://api.elsevier.com/content/article/pii/S2352146516303696
12/02/2018,The effect of arousal on auditory threat detection and the relationship to auditory hallucinations,"McCarthy-Jones,Simon, Bolas,Helen, Halhead,Racheal, Sarll,Gabrielle, Dodgson,Guy, Dudley,Robert, ",2014,ScienceDirect,https://api.elsevier.com/content/article/pii/S0005791614000068
12/02/2018,Fear and physiological arousal during a virtual height challenge—effects in patients with acrophobia and healthy controls,"Zwanzger,Peter, Mühlberger,Andreas, Lohkamp,Nora, Diemer,Julia, ",2016,ScienceDirect,https://api.elsevier.com/content/article/pii/S0887618515300311
12/02/2018,"Estrogens, androgens and generalized behavioral arousal in gonadectomized female and male C57BL/6 mice","Ågmo,Anders, Pfaff,Donald, Gagnidze,Khatuna, Chu,Xi, ",2015,ScienceDirect,https://api.elsevier.com/content/article/pii/S0031938415002607
12/02/2018,Alpha oscillation neurofeedback modulates amygdala complex connectivity and arousal in posttraumatic stress disorder,"Lanius,Ruth A., Jetly,Rakesh, Kluetsch,Rosemarie C., Théberge,Jean, Densmore,Maria, Frewen,Paul A., Ros,Tomas, Nicholson,Andrew A., ",2016,ScienceDirect,https://api.elsevier.com/content/article/pii/S2213158216301267
12/02/2018,Building trust: Heart rate synchrony and arousal during joint action increased by public goods game,"Wallot,Sebastian, Roepstorff,Andreas, McGraw,John J., Mitkidis,Panagiotis, ",2015,ScienceDirect,https://api.elsevier.com/content/article/pii/S0031938415003273
12/02/2018,The apparent reality of movies and emotional arousal: A study using physiological and self-report measures,"Hennessy,Eilis, Benson,Ciarán, Rooney,Brendan, ",2012,ScienceDirect,https://api.elsevier.com/content/article/pii/S0304422X12000502
12/02/2018,Measuring listening-related effort and fatigue in school-aged children using pupillometry,"Munro,Kevin J., Kuchinsky,Stefanie E., Stewart,Andrew J., Dawes,Piers, McGarrigle,Ronan, ",2017,ScienceDirect,https://api.elsevier.com/content/article/pii/S0022096516302806
12/02/2018,Size estimates of action-relevant space remain invariant in the face of systematic changes to postural stability and arousal,"Stins,John, Ham,Laurien, Aertssen,Anoek M., Cañal-Bruland,Rouwen, ",2015,ScienceDirect,https://api.elsevier.com/content/article/pii/S1053810015000835
12/02/2018,Attachment insecurity as a moderator of cardiovascular arousal effects following dyadic support,"Rafaeli,Eshkol, Bar-Kalifa,Eran, Kordahji,Hadil, ",2015,ScienceDirect,https://api.elsevier.com/content/article/pii/S0092656615000446
12/02/2018,The time of the crime: Cognitively induced tonic arousal suppression when lying in a free recall context,"van Hooff,Hannie, Fisher,Ronald P., Vrij,Aldert, Leal,Sharon, ",2008,ScienceDirect,https://api.elsevier.com/content/article/pii/S0001691808000516
12/02/2018,"An affective circumplex model of neural systems subserving valence, arousal, and cognitive overlay during the appraisal of emotional faces","Peterson,Bradley S., Russell,James, Zhu,Hongtu, Kangarlu,Alayar, Wang,Zhishun, Yu,Shan, Colibazzi,Tiziano, Gorman,Daniel, Posner,Jonathan, Gerber,Andrew J., ",2008,ScienceDirect,https://api.elsevier.com/content/article/pii/S0028393208000912
12/02/2018,How Hot Are They? Neural Correlates of Genital Arousal: An Infrared Thermographic and Functional Magnetic Resonance Imaging Study of Sexual Arousal in Men and Women,"Binik,Yitzchak M., Dagher,Alain, Larcher,Kevin, Gérard,Marina, Parada,Mayte, ",2018,ScienceDirect,https://api.elsevier.com/content/article/pii/S1743609517318805
12/02/2018,"The development, validation, and implications of a measure of consumer competitive arousal (CCAr)","Nichols,Bridget Satinover, ",2012,ScienceDirect,https://api.elsevier.com/content/article/pii/S0167487011001590
12/02/2018,Anxiety sensitivity and post-traumatic stress reactions: Evidence for intrusions and physiological arousal as mediating and moderating mechanisms,"Fan,Qianqian, Olatunji,Bunmi O., ",2015,ScienceDirect,https://api.elsevier.com/content/article/pii/S0887618515000882
12/02/2018,Arousal and Locomotion Make Distinct Contributions to Cortical Activity Patterns and Visual Encoding,"Cardin,Jessica A., Knoblich,Ulf, Batista-Brito,Renata, Vinck,Martin, ",2015,ScienceDirect,https://api.elsevier.com/content/article/pii/S0896627315002524
12/02/2018,Impact of the arousal potential of uncommon drinks on the repeated exposure effect,"Köster,E.P., Issanchou,Sylvie, Chabanet,Claire, Sulmont-Rossé,Claire, ",2008,ScienceDirect,https://api.elsevier.com/content/article/pii/S095032930700167X
12/02/2018,"The interaction of state and trait aspects of self-focused attention affects genital, but not subjective, sexual arousal in sexually functional women","Bergh,Simone, van Lankveld,Jacques, ",2008,ScienceDirect,https://api.elsevier.com/content/article/pii/S0005796708000296
12/02/2018,Social anxiety and physiological arousal during computer mediated vs. face to face communication,"Lipsitz,Joshua D., Markovitzky,Omer, Israeli,Haggar, Shalom,Jonathan G., ",2015,ScienceDirect,https://api.elsevier.com/content/article/pii/S0747563214006669
12/02/2018,The role of physiological arousal in the management of challenging behaviours in individuals with autistic spectrum disorders,"Hayden,Judy, Anker,Regine, Deveau,Roy, Mills,Richard, McCreadie,Michael, McDonnell,Andrew, ",2015,ScienceDirect,https://api.elsevier.com/content/article/pii/S0891422214004028
12/02/2018,Affective processing in natural scene viewing: Valence and arousal interactions in eye-fixation-related potentials,"Baccino,Thierry, Torniainen,Jari, Le Fevre,Kevin, Simola,Jaana, ",2015,ScienceDirect,https://api.elsevier.com/content/article/pii/S1053811914009471
12/02/2018,Experimental manipulation of the Trier Social Stress Test-Modified (TSST-M) to vary arousal across development,"Skoluda,Nadine, Granger,Douglas A., Rush,Elizabeth B., Quas,Jodi A., Yim,Ilona S., ",2015,ScienceDirect,https://api.elsevier.com/content/article/pii/S0306453015001250
12/02/2018,Neuropeptide S (NPS) is a neuropeptide with cellular actions in arousal and anxiety-related nuclei: Functional implications for effects of NPS on wakefulness and mood,"Kohlmeier,Kristi A., Zojicic,Minella, Polli,Filip Souza, Roncacè,Vincenzo, ",2017,ScienceDirect,https://api.elsevier.com/content/article/pii/S0028390817302988
12/02/2018,"Symbolic online exposure for spider fear: Habituation of fear, disgust and physiological arousal and predictors of symptom improvement","Kirkby,Kenneth C., Naran,Nishma, Matthews,Allison, ",2015,ScienceDirect,https://api.elsevier.com/content/article/pii/S0005791614001207
12/02/2018,Evaluating Player Task Engagement and Arousal Using Electroencephalography,"Parsons,Thomas D., Parberry,Ian, McMahan,Timothy, ",2015,ScienceDirect,https://api.elsevier.com/content/article/pii/S2351978915003777
12/02/2018,Physiologically based arousal state estimation and dynamics,"Robinson,P.A., Rennie,C.J., Abeysuriya,R.G., ",2015,ScienceDirect,https://api.elsevier.com/content/article/pii/S0165027015002198
12/02/2018,Attachment and physiological reactivity to infant crying in young adulthood: Dissociation between experiential and physiological arousal in insecure adoptees,"Juffer,Femmie, van der Voort,Anja, Linting,Mariëlle, van den Dries,Linda, Bakermans-Kranenburg,Marian J., van IJzendoorn,Marinus H., Huffmeijer,Renske, Schoenmaker,Christie, ",2015,ScienceDirect,https://api.elsevier.com/content/article/pii/S0031938414005733
12/02/2018,Emotional arousal modulation of right temporoparietal cortex in depression depends on parental depression status in women: First evidence,"Rubio,Gabriel, Strange,Bryan, Moratti,Stephan, ",2015,ScienceDirect,https://api.elsevier.com/content/article/pii/S0165032715001251
12/02/2018,"The appetite-inducing peptide, ghrelin, induces intracellular store-mediated rises in calcium in addiction and arousal-related laterodorsal tegmental neurons in mouse brain slices","Kohlmeier,Kristi A., Hauberg,Katrine, ",2015,ScienceDirect,https://api.elsevier.com/content/article/pii/S0196978115000224
12/02/2018,"Confusional Arousals, Sleep Terrors, and Sleepwalking","Valerio,Jason, Camacho,Macario, Modi,Rahul R., ",2014,ScienceDirect,https://api.elsevier.com/content/article/pii/S1556407X14000939
12/02/2018,Additive effects of affective arousal and top-down attention on the event-related brain responses to human bodies,"Nummenmaa,Lauri, Kirjavainen,Ilkka, Hietanen,Jari K., ",2014,ScienceDirect,https://api.elsevier.com/content/article/pii/S030105111400204X
12/02/2018,Hypoglycemia activates arousal-related neurons and increases wake time in adult rats,"Morrison,Adrian R., Mann,Graziella L., Sawhney,Gagan, Pan,Yanhua, Tkacs,Nancy C., ",2007,ScienceDirect,https://api.elsevier.com/content/article/pii/S0031938407000844
12/02/2018,The large-scale functional connectivity correlates of consciousness and arousal during the healthy and pathological human sleep cycle,"van Someren,Eus J.W., Tagliazucchi,Enzo, ",2017,ScienceDirect,https://api.elsevier.com/content/article/pii/S1053811917304950
12/02/2018,Relaxin-3 receptor (Rxfp3) gene knockout mice display reduced running wheel activity: Implications for role of relaxin-3/RXFP3 signalling in sustained arousal,"Gundlach,Andrew L., Smith,Craig M., Sutton,Steven W., Hosken,Ihaia T., ",2015,ScienceDirect,https://api.elsevier.com/content/article/pii/S0166432814006196
12/02/2018,"Sleep, arousal, and circadian rhythms in adults with obsessive–compulsive disorder: A meta-analysis","Coles,Meredith E., Sharkey,Katherine M., Nota,Jacob A., ",2015,ScienceDirect,https://api.elsevier.com/content/article/pii/S0149763415000044
12/02/2018,"Signal molecule changes in the gills and lungs of the African lungfish Protopterus annectens, during the maintenance and arousal phases of aestivation","Ip,Y.K., Cerra,M.C., Tota,B., Chew,S.F., Icardo,J.M., Amelio,D., Garofalo,F., ",2015,ScienceDirect,https://api.elsevier.com/content/article/pii/S1089860314005072
12/02/2018,One Session of Autogenic Training Increases Acute Subjective Sexual Arousal in Premenopausal Women Reporting Sexual Arousal Problems,"Meston,Cindy M., Nichols,Lindsey M., Hixon,J. Gregory, Stanton,Amelia M., ",2018,ScienceDirect,https://api.elsevier.com/content/article/pii/S174360951731634X
12/02/2018,Gender-specific genital and subjective sexual arousal to prepotent sexual features in heterosexual women and men,"Chivers,Meredith L., Ponseti,Jorge, Yoon,Samuel, Timmers,Amanda D., Spape,Jessica, ",2014,ScienceDirect,https://api.elsevier.com/content/article/pii/S0301051114001537
12/02/2018,The Sensitivity of Continuous Laboratory Measures of Physiological and Subjective Sexual Arousal for Diagnosing Women with Sexual Arousal Disorder,"McCall,Katie, Rellini,Alessandra H., Meston,Cindy M., ",2010,ScienceDirect,https://api.elsevier.com/content/article/pii/S174360951532909X
12/02/2018,Autonomic arousal in childhood anxiety disorders: Associations with state anxiety and social anxiety disorder,"Allen,John J.B., Cooper,Peter J., Creswell,Cathy, Alkozei,Anna, ",2015,ScienceDirect,https://api.elsevier.com/content/article/pii/S0165032714007800
12/02/2018,Analytic measures for quantification of arousal from spontaneous skin conductance fluctuations,"Dolan,Raymond J., Friston,Karl J., Bach,Dominik R., ",2010,ScienceDirect,https://api.elsevier.com/content/article/pii/S0167876010000292
12/02/2018,The effect of arousal on memory for emotionally-relevant information: A study of skydivers,"Nixon,Reginald D.V., Cavenett,Tamara, ",2006,ScienceDirect,https://api.elsevier.com/content/article/pii/S0005796705002287
12/02/2018,Chapter 3 Autosomal Dominant Nocturnal Frontal Lobe and Nocturnal Frontal Lobe Epilepsy as System Epilepsies of the Ascending Cholinergic Arousal System,"Szűcs,Anna, Halász,Péter, ",2018,ScienceDirect,https://api.elsevier.com/content/article/pii/B9780128125793000030
12/02/2018,Activation of β‐Adrenergic Receptors During Sexual Arousal Facilitates Vaginal Lubrication by Regulating Vaginal Epithelial Cl− Secretion,"Zhou,Wen‐Liang, Cao,Xiao‐Nian, Yang,Deng‐Liang, Huang,Jiehong, Sun,Qing, ",2014,ScienceDirect,https://api.elsevier.com/content/article/pii/S1743609515300977
12/02/2018,"Daily stress, presleep arousal, and sleep in healthy young women: a daily life computerized sleep diary and actigraphy study","Bader,Klaus, Wilhelm,Frank H., Cajochen,Christian, Meyer,Andrea H., Schäfer,Valérie, Voellmin,Annette, Winzeler,Katja, ",2014,ScienceDirect,https://api.elsevier.com/content/article/pii/S1389945714000197
12/02/2018,The relation of flow-experience and physiological arousal under stress — Can u shape it?,"Antoni,Conny H., Baumann,Nicola, Schächinger,Hartmut, Schulz,André, Peifer,Corinna, ",2014,ScienceDirect,https://api.elsevier.com/content/article/pii/S0022103114000109
12/02/2018,A real-time stress classification system based on arousal analysis of the nervous system by an F-state machine,"Muguerza,J., Martin,J.I., Arruti,A., Irigoyen,E., Martinez,R., ",2017,ScienceDirect,https://api.elsevier.com/content/article/pii/S0169260716307878
12/02/2018,Psychophysiological arousal at encoding leads to reduced reactivity but enhanced emotional memory following sleep,"Payne,Jessica D., Mattingly,Stephen M., Villano,Michael A., Kensinger,Elizabeth A., Alger,Sara E., Crowell,Charles R., Cunningham,Tony J., ",2014,ScienceDirect,https://api.elsevier.com/content/article/pii/S1074742714001154
12/02/2018,Encoding negative events under stress: High subjective arousal is related to accurate emotional memory despite misinformation exposure,"Nadel,Lynn, Jacobs,W. Jake, Ryan,Lee, LaBar,Kevin S., Hoscheidt,Siobhan M., ",2014,ScienceDirect,https://api.elsevier.com/content/article/pii/S1074742713001858
12/02/2018,The effect of motivational orientation over arousal-shopping response relationship,"Vaz Torres,Claudio, Afonso Vieira,Valter, ",2014,ScienceDirect,https://api.elsevier.com/content/article/pii/S0969698913001276
12/02/2018,The association of somatic arousal with the symptoms of upper airway resistance syndrome,"Gold,Avram R., Amin,Mohammad M., Gold,Morris S., Broderick,Joan E., ",2014,ScienceDirect,https://api.elsevier.com/content/article/pii/S1389945714000641
12/02/2018,A computational model for the endogenous arousal of thoughts through Z*-numbers,"Pal,Sankar K., Banerjee,Romi, ",2017,ScienceDirect,https://api.elsevier.com/content/article/pii/S0020025517306321
12/02/2018,Women's genital sexual arousal to oral versus penetrative heterosexual sex varies with menstrual cycle phase at first exposure,"Chivers,Meredith L., Bossio,Jennifer A., Suschinsky,Kelly D., ",2014,ScienceDirect,https://api.elsevier.com/content/article/pii/S0018506X14000075
12/02/2018,Music induces different cardiac autonomic arousal effects in young and older persons,"Koehn,Julia, Wong,Samuel, Buechner,Susanne, Stemper,Brigitte, Habib-Romstoeck,Leila, Nath,Juliane, Gryc,Thomas, Stadler,Peter, Hilz,Max J., ",2014,ScienceDirect,https://api.elsevier.com/content/article/pii/S1566070214000344
12/02/2018,Electroencephalographic activity during sexual behavior: A novel approach to the analysis of drug effects on arousal and motivation relevant for sexual dysfunctions,"Ågmo,Anders, Guevara,Miguel Angel, Hernández-González,Marisela, ",2014,ScienceDirect,https://api.elsevier.com/content/article/pii/S009130571400032X
12/02/2018,Towards a competitive arousal model of decision-making: A study of auction fever in live and Internet auctions,"Murnighan,J. Keith, Malhotra,Deepak, Ku,Gillian, ",2005,ScienceDirect,https://api.elsevier.com/content/article/pii/S0749597804000925
12/02/2018,"Animal models of female sexual dysfunction: Basic considerations on drugs, arousal, motivation and behavior","Ågmo,Anders, ",2014,ScienceDirect,https://api.elsevier.com/content/article/pii/S0091305713002372
12/02/2018,"Neurophysiological markers of contextual processing: The relationship between P3b and Gamma synchrony and their modulation by arousal, performance and individual differences","Gordon,Evian, Hermens,Daniel, Williams,Leanne M., Kang,Kristan, ",2005,ScienceDirect,https://api.elsevier.com/content/article/pii/S0926641005002181
12/02/2018,The Partner’s Presence in the Sex Research Lab Differentially Affects Sexual Arousal in Women and Men,"Grauvogl,Andrea, den Butter,Charlotte, Dingemans,Maria Elisabeth, Dewitte,Marieke, Hubben,Dave, van Lankveld,Jacques, ",2014,ScienceDirect,https://api.elsevier.com/content/article/pii/S1743609515306883
12/02/2018,"Anxiety goes under the skin: Behavioral inhibition, anxiety, and autonomic arousal in speech-anxious males","Kim,Hyo-Jin, Hofmann,Stefan G., ",2006,ScienceDirect,https://api.elsevier.com/content/article/pii/S019188690500423X
12/02/2018,Male bisexual arousal: A matter of curiosity?,"Savin-Williams,Ritch C., Bailey,J. Michael, Linsenmeier,Joan A.W., Cash,Brian M., Rosenthal,Allen M., Rieger,Gerulf, ",2013,ScienceDirect,https://api.elsevier.com/content/article/pii/S0301051113001981
12/02/2018,Hierarchical affective content analysis in arousal and valence dimensions,"Rui,Yong, Luo,Suhuai, Jin,Jesse S., He,Xiangjian, Xu,Changsheng, Xu,Min, ",2013,ScienceDirect,https://api.elsevier.com/content/article/pii/S0165168412002186
12/02/2018,Intensified emotion perception in depression: Differences in physiological arousal and subjective perceptions,"Oertel-Knöchel,Viola, Reif,Andreas, van Dick,Rolf, Trettin,Marco, Huthmacher,Ann-Caitlin, Ghirmai,Naddy, Hilke,Marietheres, Tarvainen,Mika P., Hagen,Marleen, Wenzler,Sofia, ",2017,ScienceDirect,https://api.elsevier.com/content/article/pii/S0165178116314779
12/02/2018,Opinion Paper: On the Diagnosis/Classification of Sexual Arousal Concerns in Women,"Stanton,Amelia M., Kilimnik,Chelsea D., Handy,Ariel B., Perelman,Michael A., Meston,Cindy M., Althof,Stanley E., ",2017,ScienceDirect,https://api.elsevier.com/content/article/pii/S1743609517313942
12/02/2018,Behavioural and physiological expression of arousal during decision-making in laying hens,"Nicol,C.J., Radford,A.N., Davies,A.C., ",2014,ScienceDirect,https://api.elsevier.com/content/article/pii/S0031938413003363
12/02/2018,Emotional clouds: Showing arousal and valence through the movement and darkness of digital cartoonish clouds,"Ibáñez,Jesús, ",2013,ScienceDirect,https://api.elsevier.com/content/article/pii/S1071581913000864
12/02/2018,Emotional arousal impairs association-memory: Roles of amygdala and hippocampus,"Sommer,Tobias, Caplan,Jeremy B., Fujiwara,Esther, Madan,Christopher R., ",2017,ScienceDirect,https://api.elsevier.com/content/article/pii/S1053811917303841
12/02/2018,Driving with music: Effects on arousal and performance,"Steg,Linda, Epstude,Kai, de Waard,Dick, Ünal,Ayça Berfu, ",2013,ScienceDirect,https://api.elsevier.com/content/article/pii/S136984781300079X
12/02/2018,Instructions to Rate Genital Vasocongestion Increases Genital and Self-Reported Sexual Arousal but not Coherence Between Genital and Self-Reported Sexual Arousal,"Graham,Cynthia, Roberts,Verena, Barela,James, Prause,Nicole, ",2013,ScienceDirect,https://api.elsevier.com/content/article/pii/S1743609515304641
12/02/2018,Cognitive consequences of individual differences in arousal asymmetry,"Holtgraves,Thomas, ",2013,ScienceDirect,https://api.elsevier.com/content/article/pii/S0278262613000821
12/02/2018,Chapter 4 Sexual arousal and response — the psychosomatic circle,"Bancroft,John, ",2009,ScienceDirect,https://api.elsevier.com/content/article/pii/B9780443051616000045
12/02/2018,Remembering under stress: Different roles of autonomic arousal and glucocorticoids in memory retrieval,"Schwabe,Lars, Ackermann,Karina, Schönfeld,Pia, ",2014,ScienceDirect,https://api.elsevier.com/content/article/pii/S0306453013003399
12/02/2018,Chemoreception and asphyxia-induced arousal,"Abbott,Stephen B.G., Guyenet,Patrice G., ",2013,ScienceDirect,https://api.elsevier.com/content/article/pii/S1569904813001067
12/02/2018,Embodiment of others’ hands elicits arousal responses similar to one’s own hands,"Berti,Anna, Gindri,Patrizia, Pia,Lorenzo, Fossataro,Carlotta, Fornia,Luca, Garbarini,Francesca, ",2014,ScienceDirect,https://api.elsevier.com/content/article/pii/S0960982214008495
12/02/2018,"Measuring the drinking experience of beer in real context situations. The impact of affects, senses, and cognition","Valentin,Dominique, Escalona-Buendía,Héctor B., Chollet,Sylvie, Gómez-Corona,Carlos, ",2017,ScienceDirect,https://api.elsevier.com/content/article/pii/S0950329317300861
12/02/2018,Prior perceptual processing enhances the effect of emotional arousal on the neural correlates of memory retrieval,"Cabeza,Roberto, LaBar,Kevin S., Ritchey,Maureen, Dew,Ilana T.Z., ",2014,ScienceDirect,https://api.elsevier.com/content/article/pii/S1074742713002682
12/02/2018,Sexual Arousal in Women with Provoked Vestibulodynia: The Application of Laser Doppler Imaging to Sexual Pain,"Chamberlain,Susan M., Pukall,Caroline F., Boyer,Stéphanie C., ",2013,ScienceDirect,https://api.elsevier.com/content/article/pii/S1743609515303222
12/02/2018,Dexmedetomidine pharmacokinetic–pharmacodynamic modelling in healthy volunteers: 1. Influence of arousal on bispectral index and sedation,"Struys,M.M.R.F., Vereecke,H.E.M., Absalom,A.R., Reyntjens,K.M.E.M., Eleveld,D.J., Hannivoort,L.N., Colin,P.J., ",2017,ScienceDirect,https://api.elsevier.com/content/article/pii/S0007091217332853
